name,bus0,bus1,type,x,r,g,b,s_nom,s_nom_mod,s_nom_extendable,s_nom_min,s_nom_max,s_nom_set,s_max_pu,capital_cost,active,build_year,lifetime,length,carrier,terrain_factor,num_parallel,v_ang_min,v_ang_max,sub_network,x_pu,r_pu,g_pu,b_pu,x_pu_eff,r_pu_eff,s_nom_opt,v_nom,i_nom,dc,overnight_cost
0,AT0 0,AT0 1,Al/St 240/40 4-bundle 380.0,16.141918357064487,1.9685266289103034,0.0,0.005298702071385288,7328.653376985434,0.0,True,7328.653376985434,27328.653376985436,,0.7,11926.981136114946,True,0,inf,283.1915501239384,AC,1.0,4.315789473684211,-inf,inf,0,0.00011178613820681778,1.3632455878880218e-05,0.0,0.0,0.00011178613820681778,1.3632455878880218e-05,7328.687550848769,380.0,2.58,0.0,125210.70843996828
1,AT0 0,CZ0 0,Al/St 240/40 4-bundle 380.0,21.414879485237535,2.6115706689314067,0.0,0.0027192093004066533,4558.064905198257,0.0,True,4558.064905198258,24558.06490519826,,0.7,9839.135882865692,True,0,inf,233.6668493254417,AC,1.0,2.68421052631579,-inf,inf,0,0.00014830248950995523,1.8085669452433566e-05,0.0,0.0,0.00014830248950995523,1.8085669452433566e-05,4558.071479535822,380.0,2.58,0.0,103313.78789433984
10,BE0 0,BE0 1,Al/St 240/40 4-bundle 380.0,9.796356089299046,1.1946775718657374,0.0,0.0015538207772373047,5094.3078352215825,0.0,True,5094.307835221583,25094.30783522158,,0.7,5030.124392200764,True,0,inf,119.46775718657378,AC,1.0,3.000000000000001,-inf,inf,0,6.784180117243107e-05,8.273390386881838e-06,0.0,0.0,6.784180117243107e-05,8.273390386881838e-06,5094.320560060143,380.0,2.58,0.0,52821.64141733179
11,BE0 0,BE0 1,Al/St 240/40 4-bundle 380.0,14.694513467169816,1.7920138374597339,0.0,0.00103588197504982,3396.21,0.0,True,3396.21,23396.21,,0.7,5030.836722695848,True,2024,inf,119.46775718657378,AC,1.0,2.000002812856486,-inf,inf,0,0.00010176255863691008,1.241006812645245e-05,0.0,0.0,0.00010176255863691008,1.241006812645245e-05,3396.2156945358793,380.0,2.58,,52821.64141733179
12,BE0 0,FR0 0,Al/St 240/40 4-bundle 380.0,62.677424473831294,7.643588350467231,0.0,0.0029881186331615997,2792.931927204815,0.0,True,2792.931927204815,22792.931927204816,,0.7,17643.308032068995,True,0,inf,419.05637886333506,AC,1.0,1.6447368421052633,-inf,inf,0,0.0004340541861068649,5.2933437330105475e-05,0.0,0.0,0.0004340541861068649,5.2933437330105475e-05,2792.932606762279,380.0,2.58,0.0,185282.17402956536
13,BE0 0,LU0 1,Al/St 240/40 4-bundle 380.0,45.95291093511718,5.6040135286728265,0.0,0.00027144700099158335,983.1120383760948,0.0,True,983.1120383760948,20983.112038376094,,0.7,4553.23895361964,True,0,inf,108.14762950070369,AC,1.0,0.5789473684210527,-inf,inf,0,0.0003182334552293434,3.880895795479797e-05,0.0,0.0,0.0003182334552293434,3.880895795479797e-05,993.7241569142412,380.0,2.58,0.0,47816.544314122424
14,BE0 0,NL0 1,Al/St 240/40 4-bundle 380.0,28.866420879053535,3.52029522915287,0.0,0.00203491738798879,3396.205223481055,0.0,True,3396.2052234810553,23396.205223481054,,0.7,9880.623978955166,True,0,inf,234.6863486101914,AC,1.0,2.0000000000000004,-inf,inf,0,0.0001999059617662987,2.437877582515838e-05,0.0,0.0,0.0001999059617662987,2.437877582515838e-05,3396.2065870668275,380.0,2.58,0.0,103764.55073539808
15,BE0 1,FR0 0,Al/St 240/40 4-bundle 380.0,45.68894570341089,5.5718226467574254,0.0,0.004643051936114329,4077.6806137190297,0.0,True,4077.6806137190297,24077.68061371903,,0.7,18783.622395249804,True,0,inf,445.9901899268554,AC,1.0,2.4013157894736845,-inf,inf,0,0.00031640544115935516,3.858602940967746e-05,0.0,0.0,0.00031640544115935516,3.858602940967746e-05,4077.6818233643926,380.0,2.58,0.0,197190.72696052573
16,BE0 1,NL0 0,Al/St 240/40 4-bundle 380.0,14.502668339675576,1.7686180902043387,0.0,0.0010223550782513212,3396.205223481055,0.0,True,3396.2052234810553,23396.205223481054,,0.7,4964.785934340508,True,0,inf,117.90787268028927,AC,1.0,2.0000000000000004,-inf,inf,0,0.00010043399127199153,1.2248047716096528e-05,0.0,0.0,0.00010043399127199153,1.2248047716096528e-05,5585.0239928254,380.0,2.58,0.0,52131.95189788485
17,CH0 0,CH0 1,Al/St 240/40 4-bundle 380.0,4.710476603817975,0.5744483663192653,0.0,0.003479058440759137,10992.980065478152,0.0,True,10992.980065478152,30992.98006547815,,0.7,5220.262476761259,True,0,inf,123.95991062678885,AC,1.0,6.473684210526317,-inf,inf,0,3.2621029112312846e-05,3.978174281989372e-06,0.0,0.0,3.2621029112312846e-05,3.978174281989372e-06,10993.150076352023,380.0,2.58,0.0,54807.808428403296
18,CH0 0,CH0 1,Al/St 240/40 4-bundle 380.0,15.247047563216713,1.8593960442947213,0.0,0.001074832574671521,3396.21,0.0,True,3396.21,23396.21,,0.7,5219.57419411376,True,2029,inf,123.95991062678885,AC,1.0,2.000002812856486,-inf,inf,0,0.00010558897204443707,1.2876703907858181e-05,0.0,0.0,0.00010558897204443707,1.2876703907858181e-05,3396.2104451747855,380.0,2.58,,54807.808428403296
19,CH0 0,DE0 1,Al/St 240/40 4-bundle 380.0,63.75935139251403,7.775530657623662,0.0,0.0011236672996206253,1698.1026117405274,0.0,True,1698.1026117405277,21698.102611740527,,0.7,10914.052196471068,True,0,inf,259.1843552541221,AC,1.0,1.0000000000000002,-inf,inf,0,0.0004415467547958035,5.384716521900043e-05,0.0,0.0,0.0004415467547958035,5.384716521900043e-05,1859.1643952195438,380.0,2.58,0.0,114596.13369015491
2,AT0 0,CZ0 0,Al/St 240/40 4-bundle 380.0,28.74098204490045,3.504997810353713,0.0,0.0020260803674826988,3396.21,0.0,True,3396.21,23396.21,,0.7,9839.513916357146,True,2022,inf,233.6668493254417,AC,1.0,2.000002812856486,-inf,inf,0,0.00019903727177908898,2.4272838021840117e-05,0.0,0.0,0.00019903727177908898,2.4272838021840117e-05,3396.2140256005223,380.0,2.58,,103313.78789433984
20,CH0 0,FR0 0,Al/St 240/40 4-bundle 380.0,7.066857438727012,0.8618118827715867,0.0,0.014216904829943833,18142.885799122476,0.0,True,18142.88579912248,38142.88579912248,,0.7,12926.82368053494,True,0,inf,306.9259863204073,AC,1.0,10.684210526315791,-inf,inf,0,4.893945594686296e-05,5.968226334983287e-06,0.0,0.0,4.893945594686296e-05,5.968226334983287e-06,18142.922462414997,380.0,2.58,0.0,135704.68528808572
21,CH0 0,IT0 1,Al/St 240/40 4-bundle 380.0,110.62864553831822,13.491298236380272,0.0,0.000653491007295223,983.1120383760948,0.0,True,983.1120383760948,20983.112038376094,,0.7,10963.910986787461,True,0,inf,260.3583870178649,AC,1.0,0.5789473684210527,-inf,inf,0,0.000766126354143478,9.343004318822903e-05,0.0,0.0,0.000766126354143478,9.343004318822903e-05,1193.9847009247976,380.0,2.58,0.0,115115.22173782061
22,CH0 1,DE0 1,Al/St 240/40 4-bundle 380.0,4.7863577071350925,0.5837021594067185,0.0,0.007997150317549578,16534.157009052506,0.0,True,16534.157009052506,36534.157009052506,,0.7,7976.156654677246,True,0,inf,189.44719208814553,AC,1.0,9.73684210526316,-inf,inf,0,3.314652151755604e-05,4.042258721653176e-06,0.0,0.0,3.314652151755604e-05,4.042258721653176e-06,17529.57812855692,380.0,2.58,0.0,83762.44673592158
23,CH0 1,FR0 0,Al/St 240/40 4-bundle 380.0,98.29637654565911,11.987362993373063,0.0,0.001919482470616254,1787.4764334110814,0.0,True,1787.4764334110819,21787.47643341108,,0.7,17706.713741607382,True,0,inf,420.6092278376514,AC,1.0,1.0526315789473686,-inf,inf,0,0.0006807228292635672,8.301497917848382e-05,0.0,0.0,0.0006807228292635672,8.301497917848382e-05,1787.4800790536292,380.0,2.58,0.0,185968.75284905816
24,CH0 1,IT0 1,Al/St 240/40 4-bundle 380.0,8.954268265198248,1.0919839347802742,0.0,0.00491166210471712,9473.625097078731,0.0,True,9473.625097078733,29473.62509707873,,0.7,8549.65146466882,True,0,inf,203.0706966433493,AC,1.0,5.578947368421054,-inf,inf,0,6.201016804153911e-05,7.562215614821843e-06,0.0,0.0,6.201016804153911e-05,7.562215614821843e-06,14520.857524143907,380.0,2.58,0.0,89785.96211286575
25,CZ0 0,CZ0 1,Al/St 240/40 4-bundle 380.0,7.57375617296155,0.9236288015806768,0.0,0.006345130532667795,11707.970638842584,0.0,True,11707.970638842584,31707.970638842584,,0.7,8938.073412748405,True,0,inf,212.27258422292752,AC,1.0,6.894736842105264,-inf,inf,0,5.244983499280852e-05,6.396321340586405e-06,0.0,0.0,5.244983499280852e-05,6.396321340586405e-06,11707.992040490253,380.0,2.58,0.0,93854.49756994308
26,CZ0 0,CZ0 1,Al/St 240/40 4-bundle 380.0,26.109491138294338,3.1840842851578457,0.0,0.0018405748042157717,3396.21,0.0,True,3396.21,23396.21,,0.7,8937.809773146962,True,2026,inf,212.27258422292752,AC,1.0,2.000002812856486,-inf,inf,0,0.00018081365054220457,2.2050445188073723e-05,0.0,0.0,0.00018081365054220457,2.2050445188073723e-05,3396.2135029976007,380.0,2.58,,93854.49756994308
27,CZ0 0,PL0 0,Al/St 240/40 4-bundle 380.0,44.49803403660895,5.426589516659629,0.0,0.002087617177219465,2770.588471787176,0.0,True,2770.588471787177,22770.588471787174,,0.7,12429.035173243952,True,0,inf,295.1303070464009,AC,1.0,1.6315789473684212,-inf,inf,0,0.0003081581304474304,3.758025981066225e-05,0.0,0.0,0.0003081581304474304,3.758025981066225e-05,3429.2868532241673,380.0,2.58,0.0,130489.32713992555
28,CZ0 0,PL0 1,Al/St 240/40 4-bundle 380.0,75.09448536142331,9.157864068466257,0.0,0.0014664075457984564,1787.4764334110814,0.0,True,1787.4764334110819,21787.47643341108,,0.7,13532.16919211745,True,0,inf,321.32856380583365,AC,1.0,1.0526315789473686,-inf,inf,0,0.0005200449124752307,6.342011127746715e-05,0.0,0.0,0.0005200449124752307,6.342011127746715e-05,1787.4776921689445,380.0,2.58,0.0,142072.6610611006
29,CZ0 1,DE0 6,Al/St 240/40 4-bundle 380.0,25.011307658538026,3.050159470553418,0.0,0.001763153979634104,3396.205223481055,0.0,True,3396.2052234810553,23396.205223481054,,0.7,8560.62954349779,True,0,inf,203.34396470356126,AC,1.0,2.0000000000000004,-inf,inf,0,0.00017320850179042955,2.1122988023223114e-05,0.0,0.0,0.00017320850179042955,2.1122988023223114e-05,3396.207547023962,380.0,2.58,0.0,89906.78523558316
3,AT0 0,DE0 6,Al/St 240/40 4-bundle 380.0,103.31220883666602,12.599049858130002,0.0,0.0006102723131974236,983.1120383760948,0.0,True,983.1120383760948,20983.112038376094,,0.7,10240.190599476728,True,0,inf,243.13955866566673,AC,1.0,0.5789473684210527,-inf,inf,0,0.0007154585099492107,8.725103779868422e-05,0.0,0.0,0.0007154585099492107,8.725103779868422e-05,983.1164305609284,380.0,2.58,0.0,107502.06486382001
30,CZ0 1,DE0 8,Al/St 240/40 4-bundle 380.0,22.22498896596917,2.710364508045021,0.0,0.001566734465772555,3396.205223481055,0.0,True,3396.2052234810553,23396.205223481054,,0.7,7608.539368169134,True,0,inf,180.69096720300143,AC,1.0,2.0000000000000004,-inf,inf,0,0.00015391266596931558,1.876983731333117e-05,0.0,0.0,0.00015391266596931558,1.876983731333117e-05,3396.2079978107176,380.0,2.58,0.0,79890.95720648914
31,DE0 0,DE0 4,Al/St 240/40 4-bundle 380.0,29.88448007987158,3.6444487902282416,0.0,0.0021066847324208078,3396.205223481055,0.0,True,3396.2052234810553,23396.205223481054,,0.7,10231.037218550047,True,0,inf,242.96325268188284,AC,1.0,2.0000000000000004,-inf,inf,0,0.0002069562332401079,2.523856502928145e-05,0.0,0.0,0.0002069562332401079,2.523856502928145e-05,3396.2139935546797,380.0,2.58,0.0,107424.11268932142
32,DE0 0,DE0 4,Al/St 240/40 4-bundle 380.0,19.275505960249287,2.3506714585669863,0.0,0.003266175116255418,5265.43,0.0,True,5265.43,25265.43,,0.7,10230.107411829023,True,2037,inf,242.96325268188284,AC,1.0,3.100772570276552,-inf,inf,0,0.00013348688338122775,1.62788882172229e-05,0.0,0.0,0.00013348688338122775,1.62788882172229e-05,5265.438870697848,380.0,2.58,,107424.11268932142
33,DE0 0,DE0 5,Al/St 240/40 4-bundle 380.0,6.305962584343961,0.7690198273590195,0.0,0.004000808298398957,10188.615670443165,0.0,True,10188.615670443167,30188.615670443163,,0.7,6476.756303914634,True,0,inf,153.80396547180396,AC,1.0,6.000000000000002,-inf,inf,0,4.367010099961192e-05,5.325622073123404e-06,0.0,0.0,4.367010099961192e-05,5.325622073123404e-06,10188.621931618089,380.0,2.58,0.0,68003.10061925506
34,DE0 0,DE0 5,Al/St 240/40 4-bundle 380.0,12.202047924685195,1.488054624961609,0.0,0.002067599438435048,5265.43,0.0,True,5265.43,25265.43,,0.7,6477.4386562773225,True,2037,inf,153.80396547180396,AC,1.0,3.100772570276552,-inf,inf,0,8.450171692995287e-05,1.0305087430482056e-05,0.0,0.0,8.450171692995287e-05,1.0305087430482056e-05,5265.43207818625,380.0,2.58,,68003.10061925506
35,DE0 0,DE0 7,Al/St 240/40 4-bundle 380.0,24.52059801703692,2.9903168313459663,0.0,0.0017285617596242816,3396.205223481055,0.0,True,3396.2052234810553,23396.205223481054,,0.7,8395.005981794422,True,0,inf,199.35445542306445,AC,1.0,2.0000000000000004,-inf,inf,0,0.00016981023557504792,2.0708565314030236e-05,0.0,0.0,0.00016981023557504792,2.0708565314030236e-05,3396.2075205740903,380.0,2.58,0.0,88142.8580169913
36,DE0 0,DK0 0,Al/St 240/40 4-bundle 380.0,10.154203294954113,1.238317474994404,0.0,0.0031725792404865964,7149.905733644326,0.0,True,7149.9057336443275,27149.905733644326,,0.7,7319.868505779355,True,0,inf,173.79894385886377,AC,1.0,4.210526315789474,-inf,inf,0,7.031996741657974e-05,8.575605782509723e-06,0.0,0.0,7.031996741657974e-05,8.575605782509723e-06,11440.45251170134,380.0,2.58,0.0,76843.70835627943
37,DE0 0,DK0 0,Al/St 240/40 4-bundle 380.0,21.377240029086106,2.606980491351964,0.0,0.0015069772586835302,3396.21,0.0,True,3396.21,23396.21,,0.7,7318.933549862401,True,2020,inf,173.79894385886377,AC,1.0,2.000002812856486,-inf,inf,0,0.00014804182845627498,1.8053881519057922e-05,0.0,0.0,0.00014804182845627498,1.8053881519057922e-05,5124.495311767232,380.0,2.58,,76843.70835627943
38,DE0 0,DK0 0,Al/St 240/40 4-bundle 380.0,21.377240029086106,2.606980491351964,0.0,0.0015069772586835302,3396.21,0.0,True,3396.21,23396.21,,0.7,7319.352747655082,True,2023,inf,173.79894385886377,AC,1.0,2.000002812856486,-inf,inf,0,0.00014804182845627498,1.8053881519057922e-05,0.0,0.0,0.00014804182845627498,1.8053881519057922e-05,5124.495311447269,380.0,2.58,,76843.70835627943
39,DE0 1,DE0 11,Al/St 240/40 4-bundle 380.0,3.562462085892794,0.4344465958405846,0.0,0.005603582972096701,16042.600989864457,0.0,True,16042.600989864459,36042.600989864455,,0.7,5759.586733608566,True,0,inf,136.81256833927185,AC,1.0,9.447368421052634,-inf,inf,0,2.467079006850965e-05,3.008632935184104e-06,0.0,0.0,2.467079006850965e-05,3.008632935184104e-06,16042.76652217591,380.0,2.58,0.0,60490.50050312133
4,AT0 1,CH0 1,Al/St 240/40 4-bundle 380.0,22.07796811936183,2.6924351365075405,0.0,0.0025878429233396863,4379.31726185715,0.0,True,4379.31726185715,24379.317261857148,,0.7,9746.782666400102,True,0,inf,231.45495033135,AC,1.0,2.578947368421053,-inf,inf,0,0.00015289451606206254,1.8645672690495435e-05,0.0,0.0,0.00015289451606206254,1.8645672690495435e-05,4379.320422134804,380.0,2.58,0.0,102335.81577643355
40,DE0 1,DE0 11,Al/St 240/40 4-bundle 380.0,10.85403429264055,1.3236627186147012,0.0,0.0018391826803775926,5265.43,0.0,True,5265.43,25265.43,,0.7,5761.255061804075,True,2028,inf,136.81256833927185,AC,1.0,3.100772570276552,-inf,inf,0,7.51664424698099e-05,9.166639325586573e-06,0.0,0.0,7.51664424698099e-05,9.166639325586573e-06,5265.434157287745,380.0,2.58,,60490.50050312133
41,DE0 1,DE0 13,Al/St 240/40 4-bundle 380.0,49.93407377168105,6.089521191668421,0.0,0.0008800165718227447,1698.1026117405274,0.0,True,1698.1026117405277,21698.102611740527,,0.7,8545.528325015572,True,0,inf,202.98403972228076,AC,1.0,1.0000000000000002,-inf,inf,0,0.00034580383498394076,4.2171199388285464e-05,0.0,0.0,0.00034580383498394076,4.2171199388285464e-05,1698.1045763494114,380.0,2.58,0.0,89747.64750046482
42,DE0 1,DE0 2,Al/St 240/40 4-bundle 380.0,7.138564785718474,0.8705566811851797,0.0,0.002314796264545386,7283.966466150157,0.0,True,7283.966466150159,27283.96646615016,,0.7,5242.152047358202,True,0,inf,124.47433248524942,AC,1.0,4.289473684210527,-inf,inf,0,4.9436044222427104e-05,6.028785880783793e-06,0.0,0.0,4.9436044222427104e-05,6.028785880783793e-06,7283.973017998265,380.0,2.58,0.0,55035.255629093655
43,DE0 1,FR0 0,Al/St 240/40 4-bundle 380.0,84.51825407749897,10.307104155792558,0.0,0.002682980573158226,2279.0324525991286,0.0,True,2279.032452599129,22279.032452599127,,0.7,19417.116038989006,True,0,inf,461.10729118019344,AC,1.0,1.342105263157895,-inf,inf,0,0.0005853064686807408,7.137883764399279e-05,0.0,0.0,0.0005853064686807408,7.137883764399279e-05,2279.03401225604,380.0,2.58,0.0,203874.62327261837
44,DE0 10,DE0 11,Al/St 240/40 4-bundle 380.0,4.384677381522534,0.5347167538442115,0.0,0.003344601037868094,11171.727708819259,0.0,True,11171.727708819262,31171.727708819257,,0.7,4936.6833381027745,True,0,inf,117.26244601846746,AC,1.0,6.578947368421054,-inf,inf,0,3.0364801811097883e-05,3.7030246111094976e-06,0.0,0.0,3.0364801811097883e-05,3.7030246111094976e-06,11171.739951964348,380.0,2.58,0.0,51846.582050029625
45,DE0 10,DE0 3,Al/St 240/40 4-bundle 380.0,8.193375102408606,0.9991920856595861,0.0,0.004040002291365779,8982.069077890685,0.0,True,8982.069077890686,28982.069077890686,,0.7,7418.547187682897,True,0,inf,176.17334141892707,AC,1.0,5.289473684210527,-inf,inf,0,5.674082480892386e-05,6.919612781576081e-06,0.0,0.0,5.674082480892386e-05,6.919612781576081e-06,8982.073093189667,380.0,2.58,0.0,77893.52781764239
46,DE0 10,FR0 0,Al/St 240/40 4-bundle 380.0,30.368979362638072,3.703534068614399,0.0,0.005978115438803872,5675.2376760801835,0.0,True,5675.237676080185,25675.237676080185,,0.7,17372.805085109358,True,0,inf,412.58669010002524,AC,1.0,3.3421052631578956,-inf,inf,0,0.00021031149143101158,2.5647742857440434e-05,0.0,0.0,0.00021031149143101158,2.5647742857440434e-05,5675.241055057707,380.0,2.58,0.0,182421.65678219128
47,DE0 10,LU0 0,Al/St 240/40 4-bundle 380.0,8.779043213738179,1.0706150260656317,0.0,0.0004667257009634307,2949.3361151282843,0.0,True,2949.3361151282847,22949.336115128284,,0.7,2609.6158710492123,True,0,inf,61.98297519327342,AC,1.0,1.736842105263158,-inf,inf,0,6.079669815608157e-05,7.414231482448973e-06,0.0,0.0,6.079669815608157e-05,7.414231482448973e-06,2949.3387939010013,380.0,2.58,0.0,27405.239428119177
48,DE0 10,LU0 1,Al/St 240/40 4-bundle 380.0,30.935151996220025,3.772579511734149,0.0,0.00018273606750286508,983.1120383760948,0.0,True,983.1120383760948,20983.112038376094,,0.7,3064.9002287538956,True,0,inf,72.80416601592219,AC,1.0,0.5789473684210527,-inf,inf,0,0.00021423235454446,2.6125896895665855e-05,0.0,0.0,0.00021423235454446,2.6125896895665855e-05,983.1127704540556,380.0,2.58,0.0,32189.73588811226
49,DE0 11,DE0 13,Al/St 240/40 4-bundle 380.0,6.850465620275069,0.8354226366189109,0.0,0.0033778383702581724,8982.069077890685,0.0,True,8982.069077890686,28982.069077890686,,0.7,6201.959117237901,True,0,inf,147.2982017196501,AC,1.0,5.289473684210527,-inf,inf,0,4.744089764733428e-05,5.785475322845644e-06,0.0,0.0,4.744089764733428e-05,5.785475322845644e-06,8982.074530382593,380.0,2.58,0.0,65126.633125808505
5,AT0 1,DE0 1,Al/St 240/40 4-bundle 380.0,212.72854462326325,25.94250544186137,0.0,0.00031415053088160676,491.5560191880474,0.0,True,491.5560191880474,20491.556019188047,,0.7,10541.04477766259,True,0,inf,250.32242093024132,AC,1.0,0.2894736842105263,-inf,inf,0,0.0014731893671971138,0.00017965723990208705,0.0,0.0,0.0014731893671971138,0.00017965723990208705,491.55692353218035,380.0,2.58,0.0,110677.9056414862
50,DE0 11,DE0 3,Al/St 240/40 4-bundle 380.0,9.609709426875671,1.1719157837653256,0.0,0.00450556290347786,8758.6345237143,0.0,True,8758.6345237143,28758.6345237143,,0.7,8483.432170498243,True,0,inf,201.48727510351216,AC,1.0,5.157894736842106,-inf,inf,0,6.654923425814176e-05,8.11576027538314e-06,0.0,0.0,6.654923425814176e-05,8.11576027538314e-06,8758.724176096906,380.0,2.58,0.0,89085.865896452
51,DE0 11,DE0 9,Al/St 240/40 4-bundle 380.0,26.271454489090033,3.2038359133036622,0.0,0.0018519871158117164,3396.205223481055,0.0,True,3396.2052234810553,23396.205223481054,,0.7,8992.87239247435,True,0,inf,213.5890608869109,AC,1.0,2.0000000000000004,-inf,inf,0,0.00018193528039536034,2.2187229316507355e-05,0.0,0.0,0.00018193528039536034,2.2187229316507355e-05,3396.208679872148,380.0,2.58,0.0,94436.56640522402
52,DE0 12,DE0 4,Al/St 240/40 4-bundle 380.0,11.045371096729605,1.3469964752109274,0.0,0.0031145416739674224,6792.41044696211,0.0,True,6792.410446962111,26792.41044696211,,0.7,7563.384507730198,True,0,inf,179.5995300281237,AC,1.0,4.000000000000001,-inf,inf,0,7.64914895895402e-05,9.328230437748804e-06,0.0,0.0,7.64914895895402e-05,9.328230437748804e-06,6792.41643354696,380.0,2.58,0.0,79408.38764597665
53,DE0 12,DE0 8,Al/St 240/40 4-bundle 380.0,3.8733299474121976,0.4723573106600242,0.0,0.006826189582379236,16981.026117405276,0.0,True,16981.02611740528,36981.02611740527,,0.7,6630.738762791383,True,0,inf,157.45243688667475,AC,1.0,10.000000000000002,-inf,inf,0,2.6823614594267298e-05,3.2711725114960124e-06,0.0,0.0,2.6823614594267298e-05,3.2711725114960124e-06,16981.037716562307,380.0,2.58,0.0,69616.24087848602
54,DE0 12,PL0 1,Al/St 240/40 4-bundle 380.0,27.66660830415355,3.37397662245775,0.0,0.0019503374713714437,3396.205223481055,0.0,True,3396.2052234810553,23396.205223481054,,0.7,9472.292934958794,True,0,inf,224.93177483051673,AC,1.0,2.0000000000000004,-inf,inf,0,0.00019159701041657583,2.3365489075192174e-05,0.0,0.0,0.00019159701041657583,2.3365489075192174e-05,3396.2061629274785,380.0,2.58,0.0,99451.64982804943
55,DE0 13,DE0 2,Al/St 240/40 4-bundle 380.0,16.557263273716238,2.0191784480141752,0.0,0.0028055772652310863,5265.43,0.0,True,5265.43,25265.43,,0.7,8786.183537452318,True,2037,inf,208.7004382031978,AC,1.0,3.100772570276552,-inf,inf,0,0.0001146624880451263,1.3983230249405645e-05,0.0,0.0,0.0001146624880451263,1.3983230249405645e-05,5265.437772566033,380.0,2.58,,92275.10392777534
56,DE0 13,DE0 6,Al/St 240/40 4-bundle 380.0,14.626038359130119,1.7836632145280633,0.0,0.0030633453350333395,5853.985319421292,0.0,True,5853.985319421292,25853.985319421292,,0.7,8630.616525456735,True,0,inf,204.96480798524237,AC,1.0,3.447368421052632,-inf,inf,0,0.0001012883542876047,1.235223832775667e-05,0.0,0.0,0.0001012883542876047,1.235223832775667e-05,5853.992162331065,380.0,2.58,0.0,90623.42715332624
57,DE0 13,DE0 6,Al/St 240/40 4-bundle 380.0,16.26089679962328,1.9830361950760094,0.0,0.0027553588790070875,5265.43,0.0,True,5265.43,25265.43,,0.7,8630.787190237874,True,2025,inf,204.96480798524237,AC,1.0,3.100772570276552,-inf,inf,0,0.0001126100886400504,1.3732937639030536e-05,0.0,0.0,0.0001126100886400504,1.3732937639030536e-05,5265.445974083097,380.0,2.58,,90623.42715332624
58,DE0 13,DE0 8,Al/St 240/40 4-bundle 380.0,4.255330114221144,0.5189426968562372,0.0,0.004799622524644544,13584.82089392422,0.0,True,13584.820893924221,33584.82089392422,,0.7,5827.708463149368,True,0,inf,138.38471916166327,AC,1.0,8.000000000000002,-inf,inf,0,2.9469045112334795e-05,3.593785989309122e-06,0.0,0.0,2.9469045112334795e-05,3.593785989309122e-06,13584.852058895904,380.0,2.58,0.0,61185.613468744625
59,DE0 13,DE0 9,Al/St 240/40 4-bundle 380.0,18.428374634454247,2.2473627602992985,0.0,0.00292296351181093,5094.3078352215825,0.0,True,5094.307835221583,25094.30783522158,,0.7,9464.888999804361,True,0,inf,224.7362760299299,AC,1.0,3.000000000000001,-inf,inf,0,0.00012762032295328426,1.5563454018693202e-05,0.0,0.0,0.00012762032295328426,1.5563454018693202e-05,5094.317014570544,380.0,2.58,0.0,99365.21171465964
6,AT0 1,DE0 2,Al/St 240/40 4-bundle 380.0,8.229746483505593,1.0036276199397065,0.0,0.0021704400032161683,6568.975892785724,0.0,True,6568.975892785726,26568.975892785726,,0.7,5449.005653162558,True,0,inf,129.41514046590956,AC,1.0,3.8684210526315796,-inf,inf,0,5.699270417940162e-05,6.950329777975807e-06,0.0,0.0,5.699270417940162e-05,6.950329777975807e-06,6568.985240612559,380.0,2.58,0.0,57219.7913867939
60,DE0 2,DE0 6,Al/St 240/40 4-bundle 380.0,14.35327905613425,1.7503998848944207,0.0,0.0016824026301388829,4379.31726185715,0.0,True,4379.31726185715,24379.317261857148,,0.7,6335.8220464336755,True,0,inf,150.47297256109934,AC,1.0,2.578947368421053,-inf,inf,0,9.939943944691309e-05,1.2121882859379644e-05,0.0,0.0,9.939943944691309e-05,1.2121882859379644e-05,4379.322965876133,380.0,2.58,0.0,66530.33075032604
61,DE0 3,DE0 5,Al/St 240/40 4-bundle 380.0,9.566442864448375,1.1666393737132166,0.0,0.003995955080686782,8267.078504526253,0.0,True,8267.078504526253,28267.078504526253,,0.7,7972.7969725010025,True,0,inf,189.32305626047815,AC,1.0,4.86842105263158,-inf,inf,0,6.624960432443473e-05,8.079220039565212e-06,0.0,0.0,6.624960432443473e-05,8.079220039565212e-06,8267.082766001182,380.0,2.58,0.0,83707.56114728657
62,DE0 3,DE0 5,Al/St 240/40 4-bundle 380.0,23.28670316896179,2.839841849873389,0.0,0.0016415838554271658,3396.21,0.0,True,3396.21,23396.21,,0.7,7972.531423916661,True,2023,inf,189.32305626047815,AC,1.0,2.000002812856486,-inf,inf,0,0.00016126525740278247,1.9666494805217373e-05,0.0,0.0,0.00016126525740278247,1.9666494805217373e-05,3396.2143843772783,380.0,2.58,,83707.56114728657
63,DE0 3,DE0 5,Al/St 240/40 4-bundle 380.0,15.019957376597867,1.8317021190973009,0.0,0.002545085515878542,5265.43,0.0,True,5265.43,25265.43,,0.7,7972.13472956997,True,2033,inf,189.32305626047815,AC,1.0,3.100772570276552,-inf,inf,0,0.0001040163253226999,1.2684917722280477e-05,0.0,0.0,0.0001040163253226999,1.2684917722280477e-05,5265.4322619510485,380.0,2.58,,83707.56114728657
64,DE0 3,DE0 9,Al/St 240/40 4-bundle 380.0,4.104390315374438,0.5005354043139558,0.0,0.004629376259615922,13584.82089392422,0.0,True,13584.820893924221,33584.82089392422,,0.7,5619.941640491616,True,0,inf,133.47610781705492,AC,1.0,8.000000000000002,-inf,inf,0,2.8423755646637384e-05,3.466311664224071e-06,0.0,0.0,2.8423755646637384e-05,3.466311664224071e-06,13584.83342046698,380.0,2.58,0.0,59015.3131767836
65,DE0 3,NL0 1,Al/St 240/40 4-bundle 380.0,6.039324291853687,0.7365029624211814,0.0,0.0038316400423242195,10188.615670443165,0.0,True,10188.615670443167,30188.615670443163,,0.7,6201.5583246524275,True,0,inf,147.30059248423632,AC,1.0,6.000000000000002,-inf,inf,0,4.182357542834963e-05,5.1004360278475164e-06,0.0,0.0,4.182357542834963e-05,5.1004360278475164e-06,10188.62089990277,380.0,2.58,0.0,65127.69018180972
66,DE0 4,DE0 7,Al/St 240/40 4-bundle 380.0,12.752769550275593,1.5552157988140967,0.0,0.0033633018026971878,6568.975892785725,0.0,True,6568.975892785726,26568.975892785726,,0.7,8443.006037381561,True,0,inf,200.54098458392303,AC,1.0,3.8684210526315796,-inf,inf,0,8.831557860301657e-05,1.0770192512562996e-05,0.0,0.0,8.831557860301657e-05,1.0770192512562996e-05,6568.981325807415,380.0,2.58,0.0,88667.47168131414
67,DE0 4,DE0 7,Al/St 240/40 4-bundle 380.0,15.909932473133669,1.9402356674553256,0.0,0.0026958890548562887,5265.43,0.0,True,5265.43,25265.43,,0.7,8442.596035022285,True,2027,inf,200.54098458392303,AC,1.0,3.100772570276552,-inf,inf,0,0.00011017958776408358,1.3436535093180926e-05,0.0,0.0,0.00011017958776408358,1.3436535093180926e-05,5265.437008918936,380.0,2.58,,88667.47168131414
68,DE0 4,DE0 8,Al/St 240/40 4-bundle 380.0,19.74723812085465,2.4081997708359326,0.0,0.0033461086779312593,5265.43,0.0,True,5265.43,25265.43,,0.7,10478.858050026638,True,2037,inf,248.90932643847796,AC,1.0,3.100772570276552,-inf,inf,0,0.00013675372659871643,1.667728373155078e-05,0.0,0.0,0.00013675372659871643,1.667728373155078e-05,5265.433546917337,380.0,2.58,,110053.11806456566
69,DE0 4,PL0 1,Al/St 240/40 4-bundle 380.0,31.1515081512455,3.7989644086884753,0.0,0.0024332442733247706,3574.952866822163,0.0,True,3574.9528668221637,23574.95286682216,,0.7,11227.443321516594,True,0,inf,266.5939935921738,AC,1.0,2.105263157894737,-inf,inf,0,0.0002157306658673511,2.6308617788701353e-05,0.0,0.0,0.0002157306658673511,2.6308617788701353e-05,3574.956123573196,380.0,2.58,0.0,117872.24155843473
7,AT0 1,DE0 6,Al/St 240/40 4-bundle 380.0,30.846737634250527,3.7617972724695767,0.0,0.0007288551911772519,1966.2240767521896,0.0,True,1966.2240767521896,21966.22407675219,,0.7,6113.337908454582,True,0,inf,145.19217542865033,AC,1.0,1.1578947368421053,-inf,inf,0,0.00021362006671918647,2.605122764868128e-05,0.0,0.0,0.00021362006671918647,2.605122764868128e-05,1966.2241457613259,380.0,2.58,0.0,64195.471713069055
70,DE0 5,DE0 9,Al/St 240/40 4-bundle 380.0,9.984769029824657,1.217654759734714,0.0,0.002253940766499126,6077.419873597677,0.0,True,6077.419873597678,26077.419873597675,,0.7,6115.427106202427,True,0,inf,145.26407659993083,AC,1.0,3.578947368421053,-inf,inf,0,6.914659992953363e-05,8.43251218652849e-06,0.0,0.0,6.914659992953363e-05,8.43251218652849e-06,6077.444742212518,380.0,2.58,0.0,64227.262197600656
71,DE0 5,NL0 1,Al/St 240/40 4-bundle 380.0,16.59685305206751,2.0240064697643305,0.0,0.0011699831095462897,3396.205223481055,0.0,True,3396.2052234810553,23396.205223481054,,0.7,5682.789766989366,True,0,inf,134.9337646509554,AC,1.0,2.0000000000000004,-inf,inf,0,0.00011493665548523205,1.4016665303077081e-05,0.0,0.0,0.00011493665548523205,1.4016665303077081e-05,3396.206616806267,380.0,2.58,0.0,59659.80361004393
72,DE0 6,DE0 8,Al/St 240/40 4-bundle 380.0,65.57135536956667,7.99650675238618,0.0,0.0011556012759131702,1698.1026117405274,0.0,True,1698.1026117405277,21698.102611740527,,0.7,11222.281339087822,True,0,inf,266.5502250795394,AC,1.0,1.0000000000000002,-inf,inf,0,0.000454095258792013,5.537747058439183e-05,0.0,0.0,0.000454095258792013,5.537747058439183e-05,1698.103807049085,380.0,2.58,0.0,117852.88968698266
73,DE0 7,DE0 8,Al/St 240/40 4-bundle 380.0,8.225469718885318,1.0031060632786974,0.0,0.003856554822088861,8758.6345237143,0.0,True,8758.6345237143,28758.6345237143,,0.7,7261.217198524084,True,0,inf,172.4638494759866,AC,1.0,5.157894736842106,-inf,inf,0,5.6963086695881705e-05,6.946717889741672e-06,0.0,0.0,5.6963086695881705e-05,6.946717889741672e-06,8758.75483254665,380.0,2.58,0.0,76253.40785670198
74,DE0 7,DE0 8,Al/St 240/40 4-bundle 380.0,13.682431074688202,1.668589155449781,0.0,0.0023184458036114,5265.43,0.0,True,5265.43,25265.43,,0.7,7260.963240018736,True,2027,inf,172.4638494759866,AC,1.0,3.100772570276552,-inf,inf,0,9.475367780254988e-05,1.1555326561286571e-05,0.0,0.0,9.475367780254988e-05,1.1555326561286571e-05,5265.445586466009,380.0,2.58,,76253.40785670198
75,DE0 7,DE0 8,Al/St 240/40 4-bundle 380.0,13.682431074688202,1.668589155449781,0.0,0.0023184458036114,5265.43,0.0,True,5265.43,25265.43,,0.7,7263.629542239473,True,2028,inf,172.4638494759866,AC,1.0,3.100772570276552,-inf,inf,0,9.475367780254988e-05,1.1555326561286571e-05,0.0,0.0,9.475367780254988e-05,1.1555326561286571e-05,5265.4457218924235,380.0,2.58,,76253.40785670198
76,DE0 7,DE0 9,Al/St 240/40 4-bundle 380.0,8.939674948505665,1.090204262012886,0.0,0.0017047802785317527,5585.86385440963,0.0,True,5585.863854409631,25585.863854409632,,0.7,5032.598580417534,True,0,inf,119.5399410101849,AC,1.0,3.289473684210527,-inf,inf,0,6.190910629159049e-05,7.549891011169571e-06,0.0,0.0,6.190910629159049e-05,7.549891011169571e-06,5585.884205377447,380.0,2.58,0.0,52853.55687416057
77,DE0 7,DE0 9,Al/St 240/40 4-bundle 380.0,14.703392064986875,1.7930965932910823,0.0,0.0010365078671191936,3396.21,0.0,True,3396.21,23396.21,,0.7,5034.056066739659,True,2024,inf,119.5399410101849,AC,1.0,2.000002812856486,-inf,inf,0,0.00010182404477137726,1.2417566435533811e-05,0.0,0.0,0.00010182404477137726,1.2417566435533811e-05,3396.2118792578867,380.0,2.58,,52853.55687416057
78,DE0 8,DE0 9,Al/St 240/40 4-bundle 380.0,56.04467181045367,6.834716074445569,0.0,0.000987707115207113,1698.1026117405274,0.0,True,1698.1026117405277,21698.102611740527,,0.7,9595.056375136022,True,0,inf,227.8238691481857,AC,1.0,1.0000000000000002,-inf,inf,0,0.0003881209959172692,4.7331828770398674e-05,0.0,0.0,0.0003881209959172692,4.7331828770398674e-05,1698.1063851315314,380.0,2.58,0.0,100730.36445859564
79,DK0 0,DK0 1,Al/St 240/40 4-bundle 380.0,10.860600693945056,1.324463499261592,0.0,0.0019087233982054432,5362.429300233244,0.0,True,5362.429300233245,25362.429300233245,,0.7,5870.974964157306,True,0,inf,139.41721044858866,AC,1.0,3.1578947368421058,-inf,inf,0,7.52119161630544e-05,9.172184897933462e-06,0.0,0.0,7.52119161630544e-05,9.172184897933462e-06,9673.434011786081,380.0,2.58,0.0,61642.12061183361
8,AT0 1,DE0 6,Al/St 240/40 4-bundle 380.0,17.858612460867043,2.1778795683984202,0.0,0.001258933464448707,3396.21,0.0,True,3396.21,23396.21,,0.7,6114.717390522976,True,2024,inf,145.19217542865033,AC,1.0,2.000002812856486,-inf,inf,0,0.00012367460152955015,1.5082268479213437e-05,0.0,0.0,0.00012367460152955015,1.5082268479213437e-05,3396.2103539786713,380.0,2.58,,64195.471713069055
80,DK1 0,DK1 1,Al/St 240/40 4-bundle 380.0,8.182754820538474,0.9978969293339601,0.0,0.0006391549715803994,3574.952866822163,0.0,True,3574.9528668221637,23574.95286682216,,0.7,2948.3353302978267,True,0,inf,70.02785469010247,AC,1.0,2.105263157894737,-inf,inf,1,5.6667277150543446e-05,6.910643554944322e-06,0.0,0.0,5.6667277150543446e-05,6.910643554944322e-06,5343.33195717318,380.0,2.58,0.0,30962.213711678472
81,DK1 0,SE1 1,Al/St 240/40 4-bundle 380.0,30.961629903399444,3.7758085248048103,0.0,0.0024184128835584334,3574.952866822163,0.0,True,3574.9528668221637,23574.95286682216,,0.7,11158.097714566688,True,0,inf,264.96901928454815,AC,1.0,2.105263157894737,-inf,inf,1,0.00021441571955262774,2.614825848202777e-05,0.0,0.0,0.00021441571955262774,2.614825848202777e-05,4981.4176204198075,380.0,2.58,0.0,117153.77314309712
82,ES0 0,ES0 1,Al/St 240/40 4-bundle 380.0,7.001147943192819,0.8537985296576609,0.0,0.02650979101405869,24890.609335249308,0.0,True,24890.60933524931,44890.609335249304,,0.7,17567.354522295438,True,0,inf,417.1629658064186,AC,1.0,14.657894736842106,-inf,inf,0,4.848440403873144e-05,5.912732199845297e-06,0.0,0.0,4.848440403873144e-05,5.912732199845297e-06,24890.61601785587,380.0,2.58,0.0,184445.01772980203
83,ES0 0,FR0 0,Al/St 240/40 4-bundle 380.0,66.34774381723786,8.09118827039486,0.0,0.008507472396063802,4580.4083606158965,0.0,True,4580.4083606158965,24580.408360615897,,0.7,30632.46255770678,True,0,inf,727.4971909784853,AC,1.0,2.697368421052632,-inf,inf,0,0.0004594719100916749,5.603315976727742e-05,0.0,0.0,0.0004594719100916749,5.603315976727742e-05,6145.042833777205,380.0,2.58,0.0,321656.62651529483
84,ES6 0,ES6 1,Al/St 240/40 4-bundle 380.0,15.71872512970221,1.916917698744172,0.0,9.285158892095377e-05,983.1120383760948,0.0,True,983.1120383760948,20983.112038376094,,0.7,1557.9621826223404,True,0,inf,36.993148572255954,AC,1.0,0.5789473684210527,-inf,inf,2,0.0001088554371863034,1.3275053315402854e-05,0.0,0.0,0.0001088554371863034,1.3275053315402854e-05,983.1141054617616,380.0,2.58,0.0,16356.202500145248
85,FR0 0,IT0 1,Al/St 240/40 4-bundle 380.0,39.68126528158084,4.839178692875713,0.0,0.00834278006224525,5865.157047130111,0.0,True,5865.157047130112,25865.15704713011,,0.7,23462.020058903225,True,0,inf,557.1422837192433,AC,1.0,3.453947368421053,-inf,inf,0,0.0002748010061051305,3.351231781769884e-05,0.0,0.0,0.0002748010061051305,3.351231781769884e-05,5865.16567802603,380.0,2.58,0.0,246335.66932282344
86,FR0 0,LU0 1,Al/St 240/40 4-bundle 380.0,290.44236010506853,35.41980001281324,0.0,0.00044863345975290175,502.7277468968667,0.0,True,502.7277468968667,20502.727746896868,,0.7,14720.901576699714,True,0,inf,349.5375001264465,AC,1.0,0.2960526315789474,-inf,inf,0,0.0020113736849381478,0.00024528947377294486,0.0,0.0,0.0020113736849381478,0.00024528947377294486,589.6082370385558,380.0,2.58,0.0,154544.99965840724
87,GB2 0,GB2 1,Al/St 240/40 4-bundle 380.0,4.592943452517597,0.5601150551850728,0.0,0.027811577555238855,31476.342819598256,0.0,True,31476.342819598267,51476.342819598256,,0.7,14574.301231680183,True,0,inf,346.07986139998746,AC,1.0,18.53618421052632,-inf,inf,4,3.1807087621313e-05,3.878913124550366e-06,0.0,0.0,3.1807087621313e-05,3.878913124550366e-06,31476.34427758002,380.0,2.58,0.0,153016.2344311964
88,GB5 0,GB5 1,Al/St 240/40 4-bundle 380.0,5.187970726274017,0.632679356862685,0.0,0.00043095514775332624,3686.670143910355,0.0,True,3686.670143910356,23686.670143910356,,0.7,1927.9516263836456,True,0,inf,45.78600608874694,AC,1.0,2.1710526315789473,-inf,inf,5,3.592777511270095e-05,4.3814359893537736e-06,0.0,0.0,3.592777511270095e-05,4.3814359893537736e-06,3686.674996670488,380.0,2.58,0.0,20243.888832487093
89,IT0 0,IT0 1,Al/St 240/40 4-bundle 380.0,26.9454525023837,3.286030792973622,0.0,0.01709550104900709,10188.615670443165,0.0,True,10188.615670443167,30188.615670443163,,0.7,27673.2737794123,True,0,inf,657.2061585947246,AC,1.0,6.000000000000002,-inf,inf,0,0.00018660285666470707,2.2756445934720374e-05,0.0,0.0,0.00018660285666470707,2.2756445934720374e-05,10188.617375125714,380.0,2.58,0.0,290578.05104969355
9,AT0 1,IT0 1,Al/St 240/40 4-bundle 380.0,112.95114646612345,13.774530056844323,0.0,0.0006672101797877564,983.1120383760948,0.0,True,983.1120383760948,20983.112038376094,,0.7,11192.942202730477,True,0,inf,265.82426425489047,AC,1.0,0.5789473684210527,-inf,inf,0,0.0007822101555825723,9.539148238811858e-05,0.0,0.0,0.0007822101555825723,9.539148238811858e-05,1861.9596980364117,380.0,2.58,0.0,117531.91235162722
90,IT3 0,IT3 1,Al/St 240/40 4-bundle 380.0,18.993995055058573,2.3163408603729967,0.0,0.0008345367767549238,2681.214650116622,0.0,True,2681.2146501166226,22681.21465011662,,0.7,5132.268485299161,True,0,inf,121.91267686173668,AC,1.0,1.5789473684210529,-inf,inf,6,0.00013153736187713694,1.604114169233377e-05,0.0,0.0,0.00013153736187713694,1.604114169233377e-05,2681.2182627908796,380.0,2.58,0.0,53902.64162539586
91,LU0 0,LU0 1,Al/St 240/40 4-bundle 380.0,15.018131556305638,1.8314794580860534,0.0,8.871313456534199e-05,983.1120383760948,0.0,True,983.1120383760948,20983.112038376094,,0.7,1488.2857247318132,True,0,inf,35.34434041920454,AC,1.0,0.5789473684210527,-inf,inf,0,0.00010400368113785069,1.2683375748518375e-05,0.0,0.0,0.00010400368113785069,1.2683375748518375e-05,983.1121578345587,380.0,2.58,0.0,15627.196155023683
92,NL0 0,NL0 1,Al/St 240/40 4-bundle 380.0,6.32578140459421,0.7714367566578305,0.0,0.0027870710545391847,8490.513058702638,0.0,True,8490.51305870264,28490.513058702636,,0.7,5413.677416139618,True,0,inf,128.5727927763051,AC,1.0,5.000000000000001,-inf,inf,0,4.3807350447328325e-05,5.342359810649796e-06,0.0,0.0,4.3807350447328325e-05,5.342359810649796e-06,8490.536967902795,380.0,2.58,0.0,56847.35460002542
93,NL0 0,NL0 1,Al/St 240/40 4-bundle 380.0,15.814431269622744,1.9285891792222858,0.0,0.0011148299897418522,3396.21,0.0,True,3396.21,23396.21,,0.7,5412.994849829192,True,2022,inf,128.5727927763051,AC,1.0,2.000002812856486,-inf,inf,0,0.00010951822208880017,1.3355880742536606e-05,0.0,0.0,0.00010951822208880017,1.3355880742536606e-05,3396.212363402359,380.0,2.58,,56847.35460002542
94,NO1 0,NO1 1,Al/St 240/40 4-bundle 380.0,123.74575889195305,15.090946206335737,0.0,0.006283135293907363,2882.305748875369,0.0,True,2882.305748875369,22882.30574887537,,0.7,35946.1129863509,True,0,inf,853.829851147943,AC,1.0,1.6973684210526316,-inf,inf,1,0.0008569650892794532,0.00010450793771700648,0.0,0.0,0.0008569650892794532,0.00010450793771700648,2882.3344019205733,380.0,2.58,0.0,377513.5257483431
95,NO1 0,SE1 0,Al/St 240/40 4-bundle 380.0,122.44821268096845,14.932708863532739,0.0,0.0026361959583879775,1876.8502550816356,0.0,True,1876.8502550816356,21876.850255081634,,0.7,23164.971755769086,True,0,inf,550.1524318143641,AC,1.0,1.105263157894737,-inf,inf,1,0.0008479793121950724,0.00010341211124330151,0.0,0.0,0.0008479793121950724,0.00010341211124330151,1876.8510801411387,380.0,2.58,0.0,243245.1664158075
96,NO1 0,SE1 1,Al/St 240/40 4-bundle 380.0,50.149417021192434,6.115782563560053,0.0,0.004318680936935506,3753.7005101632712,0.0,True,3753.7005101632712,23753.70051016327,,0.7,18971.02254959537,True,0,inf,450.6366099465303,AC,1.0,2.210526315789474,-inf,inf,1,0.0003472951317257094,4.2353064844598704e-05,0.0,0.0,0.0003472951317257094,4.2353064844598704e-05,3753.7026264673964,380.0,2.58,0.0,199245.10161301284
97,NO1 1,SE1 0,Al/St 240/40 4-bundle 380.0,104.99301879735,12.804026682603658,0.0,0.0033329395267941413,2279.0324525991286,0.0,True,2279.032452599129,22279.032452599127,,0.7,24125.228794008282,True,0,inf,572.8117200112164,AC,1.0,1.342105263157895,-inf,inf,1,0.0007270984681256925,8.867054489337713e-05,0.0,0.0,0.0007270984681256925,8.867054489337713e-05,2279.0369574460938,380.0,2.58,0.0,253263.77582216723
98,PL0 0,PL0 1,Al/St 240/40 4-bundle 380.0,8.041382888226668,0.98065644978374,0.0,0.010558569613382075,14657.306753970865,0.0,True,14657.306753970868,34657.306753970865,,0.7,11880.095324435275,True,0,inf,282.1537855518129,AC,1.0,8.631578947368421,-inf,inf,0,5.568824714838413e-05,6.791249652241966e-06,0.0,0.0,5.568824714838413e-05,6.791249652241966e-06,14657.31942646373,380.0,2.58,0.0,124751.86975917833
99,SE1 0,SE1 1,Al/St 240/40 4-bundle 380.0,17.750950589436254,2.16475007188247,0.0,0.016984952496099298,12512.335033877567,0.0,True,12512.335033877573,32512.335033877567,,0.7,22386.995370704724,True,0,inf,531.6930001114839,AC,1.0,7.3684210526315805,-inf,inf,1,0.00012292902070246714,1.4991343988105747e-05,0.0,0.0,0.00012292902070246714,1.4991343988105747e-05,12512.378631986214,380.0,2.58,0.0,235083.48743949164
