name,bus,control,type,p_nom,p_nom_mod,p_nom_extendable,p_nom_min,p_nom_max,p_nom_set,p_min_pu,p_max_pu,p_set,e_sum_min,e_sum_max,q_set,sign,carrier,marginal_cost,marginal_cost_quadratic,active,build_year,lifetime,capital_cost,efficiency,committable,start_up_cost,shut_down_cost,stand_by_cost,min_up_time,min_down_time,up_time_before,down_time_before,ramp_limit_up,ramp_limit_down,ramp_limit_start_up,ramp_limit_shut_down,weight,p_nom_opt,overnight_cost,connection_overnight_cost
AT0 0 CCGT,AT0 0,Slack,,3281.2,0.0,True,3281.2,inf,,0.0,1.0,,-inf,inf,0.0,1.0,CCGT,45.63907733075967,0.0,True,0,inf,101315.89438229987,0.5942338168962575,False,0.0,0.0,0.0,0,0,1,0,,,1.0,1.0,1.0,3281.204207760839,854514.0,
AT0 1 CCGT,AT0 1,PQ,,84.0,0.0,True,84.0,inf,,0.0,1.0,,-inf,inf,0.0,1.0,CCGT,45.58622180975514,0.0,True,0,inf,101315.89438229986,0.595,False,0.0,0.0,0.0,0,0,1,0,,,1.0,1.0,1.0,84.00018277224726,854514.0,
BE0 0 CCGT,BE0 0,PQ,,978.0,0.0,True,978.0,inf,,0.0,1.0,,-inf,inf,0.0,1.0,CCGT,45.58745054160083,0.0,True,0,inf,101315.89438229986,0.595,False,0.0,0.0,0.0,0,0,1,0,,,1.0,1.0,1.0,978.000832500265,854514.0,
BE0 0 biomass,BE0 0,PQ,,30.0,0.0,False,30.0,inf,,0.0,1.0,,-inf,inf,0.0,1.0,biomass,15.838440448159359,0.0,True,0,inf,294201.05117025424,0.468,False,0.0,0.0,0.0,0,0,1,0,,,1.0,1.0,1.0,30.0,2337611.6,
BE0 0 nuclear,BE0 0,PQ,,3008.0,0.0,False,3008.0,inf,,0.0,0.883,,-inf,inf,0.0,1.0,nuclear,14.023008915327534,0.0,True,0,inf,753784.2152972104,0.326,False,0.0,0.0,0.0,0,0,1,0,,,1.0,1.0,1.0,3008.0,8594135.399999999,
BE0 0 oil,BE0 0,PQ,,18.0,0.0,False,18.0,inf,,0.0,1.0,,-inf,inf,0.0,1.0,oil,157.53409538264953,0.0,True,0,inf,39330.42285251387,0.35,False,0.0,0.0,0.0,0,0,1,0,,,1.0,1.0,1.0,18.0,357414.4,
BE0 1 CCGT,BE0 1,PQ,,4100.3,0.0,True,4100.3,inf,,0.0,1.0,,-inf,inf,0.0,1.0,CCGT,45.58596856559358,0.0,True,0,inf,101315.89438229986,0.595,False,0.0,0.0,0.0,0,0,1,0,,,1.0,1.0,1.0,4100.303553629742,854514.0,
BE0 1 biomass,BE0 1,PQ,,45.0,0.0,False,45.0,inf,,0.0,1.0,,-inf,inf,0.0,1.0,biomass,15.837535261090785,0.0,True,0,inf,294201.05117025424,0.468,False,0.0,0.0,0.0,0,0,1,0,,,1.0,1.0,1.0,45.0,2337611.6,
BE0 1 nuclear,BE0 1,PQ,,2911.0,0.0,False,2911.0,inf,,0.0,0.883,,-inf,inf,0.0,1.0,nuclear,14.022994800175235,0.0,True,0,inf,753784.2152972104,0.326,False,0.0,0.0,0.0,0,0,1,0,,,1.0,1.0,1.0,2911.0,8594135.399999999,
BE0 1 oil,BE0 1,PQ,,108.6,0.0,False,108.6,inf,,0.0,1.0,,-inf,inf,0.0,1.0,oil,157.53459813527454,0.0,True,0,inf,39330.422852513875,0.35000000000000003,False,0.0,0.0,0.0,0,0,1,0,,,1.0,1.0,1.0,108.6,357414.4000000001,
CH0 0 CCGT,CH0 0,PQ,,55.0,0.0,True,55.0,inf,,0.0,1.0,,-inf,inf,0.0,1.0,CCGT,45.58657510597571,0.0,True,0,inf,101315.89438229986,0.595,False,0.0,0.0,0.0,0,0,1,0,,,1.0,1.0,1.0,55.000462626002225,854514.0,
CH0 1 nuclear,CH0 1,PQ,,2970.0,0.0,False,2970.0,inf,,0.0,0.834,,-inf,inf,0.0,1.0,nuclear,14.022864968676286,0.0,True,0,inf,753784.2152972104,0.326,False,0.0,0.0,0.0,0,0,1,0,,,1.0,1.0,1.0,2970.0,8594135.399999999,
CZ0 0 CCGT,CZ0 0,PQ,,179.0,0.0,True,179.0,inf,,0.0,1.0,,-inf,inf,0.0,1.0,CCGT,45.587456805771154,0.0,True,0,inf,101315.89438229986,0.595,False,0.0,0.0,0.0,0,0,1,0,,,1.0,1.0,1.0,179.0000068298341,854514.0,
CZ0 0 coal,CZ0 0,PQ,,649.965554377038,0.0,False,649.965554377038,inf,,0.0,1.0,,-inf,inf,0.0,1.0,coal,30.109472381617536,0.0,True,0,inf,337208.02744802914,0.356,False,0.0,0.0,0.0,0,0,1,0,,,1.0,1.0,1.0,649.965554377038,3827162.9,
CZ0 0 lignite,CZ0 0,PQ,,152.1530796627597,0.0,False,152.1530796627597,inf,,0.0,1.0,,-inf,inf,0.0,1.0,lignite,13.266300493340152,0.0,True,0,inf,337208.02744802914,0.33,False,0.0,0.0,0.0,0,0,1,0,,,1.0,1.0,1.0,152.1530796627597,3827162.9,
CZ0 0 nuclear,CZ0 0,PQ,,2000.0,0.0,False,2000.0,inf,,0.0,0.839,,-inf,inf,0.0,1.0,nuclear,14.024215362134628,0.0,True,0,inf,753784.2152972104,0.326,False,0.0,0.0,0.0,0,0,1,0,,,1.0,1.0,1.0,2000.0,8594135.399999999,
CZ0 1 CCGT,CZ0 1,PQ,,1399.0,0.0,True,1399.0,inf,,0.0,1.0,,-inf,inf,0.0,1.0,CCGT,45.58753100471667,0.0,True,0,inf,101315.89438229987,0.595,False,0.0,0.0,0.0,0,0,1,0,,,1.0,1.0,1.0,1399.0035470111632,854514.0,
CZ0 1 coal,CZ0 1,PQ,,135.0,0.0,False,135.0,inf,,0.0,1.0,,-inf,inf,0.0,1.0,coal,30.108657769705694,0.0,True,0,inf,337208.02744802914,0.356,False,0.0,0.0,0.0,0,0,1,0,,,1.0,1.0,1.0,135.0,3827162.9,
CZ0 1 lignite,CZ0 1,PQ,,2589.3687738971466,0.0,False,2589.3687738971466,inf,,0.0,1.0,,-inf,inf,0.0,1.0,lignite,13.266966391660324,0.0,True,0,inf,337208.02744802914,0.33,False,0.0,0.0,0.0,0,0,1,0,,,1.0,1.0,1.0,2589.3687738971466,3827162.9,
CZ0 1 nuclear,CZ0 1,PQ,,2164.0,0.0,False,2164.0,inf,,0.0,0.839,,-inf,inf,0.0,1.0,nuclear,14.023082472041073,0.0,True,0,inf,753784.2152972104,0.326,False,0.0,0.0,0.0,0,0,1,0,,,1.0,1.0,1.0,2164.0,8594135.399999999,
DE0 0 CCGT,DE0 0,PQ,,917.5131000000001,0.0,True,917.5131000000001,inf,,0.0,1.0,,-inf,inf,0.0,1.0,CCGT,46.92057499561318,0.0,True,0,inf,101315.89438229984,0.5820446475369124,False,0.0,0.0,0.0,0,0,1,0,,,1.0,1.0,1.0,917.5175883157995,854514.0,
DE0 0 biomass,DE0 0,PQ,,198.60500000000005,0.0,False,198.60500000000005,inf,,0.0,1.0,,-inf,inf,0.0,1.0,biomass,16.206492971491333,0.0,True,0,inf,294201.05117025424,0.4591381888673497,False,0.0,0.0,0.0,0,0,1,0,,,1.0,1.0,1.0,198.60500000000005,2337611.6,
DE0 0 coal,DE0 0,PQ,,472.8,0.0,False,472.8,inf,,0.0,1.0,,-inf,inf,0.0,1.0,coal,30.108367670130434,0.0,True,0,inf,337208.0274480291,0.356,False,0.0,0.0,0.0,0,0,1,0,,,1.0,1.0,1.0,472.8,3827162.9,
DE0 0 oil,DE0 0,PQ,,88.53800000000003,0.0,False,88.53800000000003,inf,,0.0,1.0,,-inf,inf,0.0,1.0,oil,157.53341438827843,0.0,True,0,inf,39330.42285251386,0.34999999999999976,False,0.0,0.0,0.0,0,0,1,0,,,1.0,1.0,1.0,88.53800000000003,357414.4,
DE0 1 CCGT,DE0 1,PQ,,1311.7870999999998,0.0,True,1311.7870999999998,inf,,0.0,1.0,,-inf,inf,0.0,1.0,CCGT,57.96373791126914,0.0,True,0,inf,101315.89438229986,0.4828180625243856,False,0.0,0.0,0.0,0,0,1,0,,,1.0,1.0,1.0,1311.7882889477116,854514.0,
DE0 1 biomass,DE0 1,PQ,,175.5446,0.0,False,175.5446,inf,,0.0,1.0,,-inf,inf,0.0,1.0,biomass,16.95051164162932,0.0,True,0,inf,294201.05117025424,0.44128086423621127,False,0.0,0.0,0.0,0,0,1,0,,,1.0,1.0,1.0,175.5446,2337611.6,
DE0 1 coal,DE0 1,PQ,,3267.9,0.0,False,3267.9,inf,,0.0,1.0,,-inf,inf,0.0,1.0,coal,30.109748086244828,0.0,True,0,inf,337208.0274480291,0.356,False,0.0,0.0,0.0,0,0,1,0,,,1.0,1.0,1.0,3267.9,3827162.9,
DE0 1 oil,DE0 1,PQ,,403.608,0.0,False,403.608,inf,,0.0,1.0,,-inf,inf,0.0,1.0,oil,154.76707307751295,0.0,True,0,inf,39330.42285251387,0.35694361856058354,False,0.0,0.0,0.0,0,0,1,0,,,1.0,1.0,1.0,403.608,357414.4,
DE0 10 CCGT,DE0 10,PQ,,741.6181999999998,0.0,True,741.6181999999998,inf,,0.0,1.0,,-inf,inf,0.0,1.0,CCGT,52.196428002839575,0.0,True,0,inf,101315.8943822999,0.5314160169229052,False,0.0,0.0,0.0,0,0,1,0,,,1.0,1.0,1.0,741.6190397353689,854514.0,
DE0 10 biomass,DE0 10,PQ,,5.907,0.0,False,5.907,inf,,0.0,1.0,,-inf,inf,0.0,1.0,biomass,15.838088522981222,0.0,True,0,inf,294201.05117025424,0.4680000000000001,False,0.0,0.0,0.0,0,0,1,0,,,1.0,1.0,1.0,5.907,2337611.6,
DE0 10 coal,DE0 10,PQ,,1116.0,0.0,False,1116.0,inf,,0.0,1.0,,-inf,inf,0.0,1.0,coal,30.10868748553616,0.0,True,0,inf,337208.02744802914,0.356,False,0.0,0.0,0.0,0,0,1,0,,,1.0,1.0,1.0,1116.0,3827162.9,
DE0 10 oil,DE0 10,PQ,,13.728,0.0,False,13.728,inf,,0.0,1.0,,-inf,inf,0.0,1.0,oil,157.53361541213727,0.0,True,0,inf,39330.42285251387,0.35000000000000003,False,0.0,0.0,0.0,0,0,1,0,,,1.0,1.0,1.0,13.728,357414.4,
DE0 11 CCGT,DE0 11,PQ,,3825.0458500000004,0.0,True,3825.0458500000004,inf,,0.0,1.0,,-inf,inf,0.0,1.0,CCGT,51.390862761135786,0.0,True,0,inf,101315.89438229984,0.5307808952263003,False,0.0,0.0,0.0,0,0,1,0,,,1.0,1.0,1.0,3825.0474948123847,854514.0,
DE0 11 biomass,DE0 11,PQ,,78.77449999999999,0.0,False,78.77449999999999,inf,,0.0,1.0,,-inf,inf,0.0,1.0,biomass,16.503163525211995,0.0,True,0,inf,294201.05117025424,0.45202528737091335,False,0.0,0.0,0.0,0,0,1,0,,,1.0,1.0,1.0,78.77449999999999,2337611.6,
DE0 11 coal,DE0 11,PQ,,2799.4039217450973,0.0,False,2799.4039217450973,inf,,0.0,1.0,,-inf,inf,0.0,1.0,coal,30.057588290974085,0.0,True,0,inf,337208.0274480291,0.3566740720713228,False,0.0,0.0,0.0,0,0,1,0,,,1.0,1.0,1.0,2799.4039217450973,3827162.9,
DE0 11 lignite,DE0 11,PQ,,1.397,0.0,False,1.397,inf,,0.0,1.0,,-inf,inf,0.0,1.0,lignite,13.267490739486465,0.0,True,0,inf,337208.02744802914,0.33,False,0.0,0.0,0.0,0,0,1,0,,,1.0,1.0,1.0,1.397,3827162.9,
DE0 11 oil,DE0 11,PQ,,428.03751,0.0,False,428.03751,inf,,0.0,1.0,,-inf,inf,0.0,1.0,oil,157.52278376071686,0.0,True,0,inf,39330.42285251386,0.3500293198603085,False,0.0,0.0,0.0,0,0,1,0,,,1.0,1.0,1.0,428.03751,357414.4,
DE0 12 CCGT,DE0 12,PQ,,879.52146,0.0,True,879.52146,inf,,0.0,1.0,,-inf,inf,0.0,1.0,CCGT,50.10438324176575,0.0,True,0,inf,101315.89438229986,0.5445163244794504,False,0.0,0.0,0.0,0,0,1,0,,,1.0,1.0,1.0,879.5218627608579,854514.0,
DE0 12 biomass,DE0 12,PQ,,118.37200000000001,0.0,False,118.37200000000001,inf,,0.0,1.0,,-inf,inf,0.0,1.0,biomass,15.838252103301778,0.0,True,0,inf,294201.0511702543,0.46799999999999997,False,0.0,0.0,0.0,0,0,1,0,,,1.0,1.0,1.0,118.37200000000001,2337611.6,
DE0 12 lignite,DE0 12,PQ,,6999.073,0.0,False,6999.073,inf,,0.0,1.0,,-inf,inf,0.0,1.0,lignite,11.684085802349976,0.0,True,0,inf,337208.02744802914,0.3922273153698694,False,0.0,0.0,0.0,0,0,1,0,,,1.0,1.0,1.0,6999.073,3827162.9,
DE0 12 oil,DE0 12,PQ,,37.332,0.0,False,37.332,inf,,0.0,1.0,,-inf,inf,0.0,1.0,oil,157.53305828270894,0.0,True,0,inf,39330.42285251387,0.35,False,0.0,0.0,0.0,0,0,1,0,,,1.0,1.0,1.0,37.332,357414.4,
DE0 13 CCGT,DE0 13,PQ,,812.32108,0.0,True,812.32108,inf,,0.0,1.0,,-inf,inf,0.0,1.0,CCGT,55.40178257589461,0.0,True,0,inf,101315.89438229983,0.5001548350131556,False,0.0,0.0,0.0,0,0,1,0,,,1.0,1.0,1.0,812.3236781610238,854514.0,
DE0 13 biomass,DE0 13,PQ,,59.970000000000006,0.0,False,59.970000000000006,inf,,0.0,1.0,,-inf,inf,0.0,1.0,biomass,15.838025659640266,0.0,True,0,inf,294201.0511702542,0.46799999999999997,False,0.0,0.0,0.0,0,0,1,0,,,1.0,1.0,1.0,59.970000000000006,2337611.6,
DE0 13 coal,DE0 13,PQ,,24.4,0.0,False,24.4,inf,,0.0,1.0,,-inf,inf,0.0,1.0,coal,32.22364464520161,0.0,True,0,inf,337208.02744802914,0.33,False,0.0,0.0,0.0,0,0,1,0,,,1.0,1.0,1.0,24.4,3827162.9,
DE0 13 oil,DE0 13,PQ,,88.89649999999999,0.0,False,88.89649999999999,inf,,0.0,1.0,,-inf,inf,0.0,1.0,oil,157.5347578296884,0.0,True,0,inf,39330.422852513875,0.35,False,0.0,0.0,0.0,0,0,1,0,,,1.0,1.0,1.0,88.89649999999999,357414.4,
DE0 2 CCGT,DE0 2,PQ,,959.1805100000001,0.0,True,959.1805100000001,inf,,0.0,1.0,,-inf,inf,0.0,1.0,CCGT,49.20088342480092,0.0,True,0,inf,101315.89438229983,0.5614913696261106,False,0.0,0.0,0.0,0,0,1,0,,,1.0,1.0,1.0,959.1856225967022,854514.0,
DE0 2 biomass,DE0 2,PQ,,124.989,0.0,False,124.989,inf,,0.0,1.0,,-inf,inf,0.0,1.0,biomass,16.634909891883872,0.0,True,0,inf,294201.05117025424,0.4488495147572986,False,0.0,0.0,0.0,0,0,1,0,,,1.0,1.0,1.0,124.989,2337611.6,
DE0 2 lignite,DE0 2,PQ,,1.5,0.0,False,1.5,inf,,0.0,1.0,,-inf,inf,0.0,1.0,lignite,13.265702842266114,0.0,True,0,inf,337208.02744802914,0.33,False,0.0,0.0,0.0,0,0,1,0,,,1.0,1.0,1.0,1.5,3827162.9,
DE0 2 oil,DE0 2,PQ,,110.70900000000002,0.0,False,110.70900000000002,inf,,0.0,1.0,,-inf,inf,0.0,1.0,oil,157.0705706845395,0.0,True,0,inf,39330.42285251386,0.3511576294610193,False,0.0,0.0,0.0,0,0,1,0,,,1.0,1.0,1.0,110.70900000000002,357414.4,
DE0 3 CCGT,DE0 3,PQ,,7606.450849999999,0.0,True,7606.450849999999,inf,,0.0,1.0,,-inf,inf,0.0,1.0,CCGT,49.404216833241904,0.0,True,0,inf,101315.89438229986,0.5531741994814225,False,0.0,0.0,0.0,0,0,1,0,,,1.0,1.0,1.0,7606.484921089114,854514.0,
DE0 3 biomass,DE0 3,PQ,,259.7074,0.0,False,259.7074,inf,,0.0,1.0,,-inf,inf,0.0,1.0,biomass,16.864218865761476,0.0,True,0,inf,294201.0511702543,0.44336612356829264,False,0.0,0.0,0.0,0,0,1,0,,,1.0,1.0,1.0,259.7074,2337611.6,
DE0 3 coal,DE0 3,PQ,,4958.383426092591,0.0,False,4958.383426092591,inf,,0.0,1.0,,-inf,inf,0.0,1.0,coal,30.1085906677344,0.0,True,0,inf,337208.0274480292,0.35600000000000004,False,0.0,0.0,0.0,0,0,1,0,,,1.0,1.0,1.0,4958.383426092591,3827162.9,
DE0 3 lignite,DE0 3,PQ,,11684.79,0.0,False,11684.79,inf,,0.0,1.0,,-inf,inf,0.0,1.0,lignite,12.507543980977156,0.0,True,0,inf,337208.02744802914,0.3617463099138718,False,0.0,0.0,0.0,0,0,1,0,,,1.0,1.0,1.0,11684.79,3827162.8999999994,
DE0 3 oil,DE0 3,PQ,,419.05820000000006,0.0,False,419.05820000000006,inf,,0.0,1.0,,-inf,inf,0.0,1.0,oil,154.12266895270807,0.0,True,0,inf,39330.42285251386,0.3585763743556383,False,0.0,0.0,0.0,0,0,1,0,,,1.0,1.0,1.0,419.05820000000006,357414.4,
DE0 4 CCGT,DE0 4,PQ,,1461.8481,0.0,True,1461.8481,inf,,0.0,1.0,,-inf,inf,0.0,1.0,CCGT,53.45758384988242,0.0,True,0,inf,101315.89438229986,0.5146550390563835,False,0.0,0.0,0.0,0,0,1,0,,,1.0,1.0,1.0,1461.849488037673,854514.0,
DE0 4 biomass,DE0 4,PQ,,462.916,0.0,False,462.916,inf,,0.0,1.0,,-inf,inf,0.0,1.0,biomass,17.416836974041843,0.0,True,0,inf,294201.0511702543,0.43008773946029094,False,0.0,0.0,0.0,0,0,1,0,,,1.0,1.0,1.0,462.916,2337611.6,
DE0 4 coal,DE0 4,PQ,,1291.0,0.0,False,1291.0,inf,,0.0,1.0,,-inf,inf,0.0,1.0,coal,30.42159565981284,0.0,True,0,inf,337208.02744802914,0.3524565453137103,False,0.0,0.0,0.0,0,0,1,0,,,1.0,1.0,1.0,1291.0,3827162.9,
DE0 4 oil,DE0 4,PQ,,287.668,0.0,False,287.668,inf,,0.0,1.0,,-inf,inf,0.0,1.0,oil,152.80358481656376,0.0,True,0,inf,39330.422852513875,0.36196583250986125,False,0.0,0.0,0.0,0,0,1,0,,,1.0,1.0,1.0,287.668,357414.4,
DE0 5 CCGT,DE0 5,PQ,,3173.8638499999997,0.0,True,3173.8638499999997,inf,,0.0,1.0,,-inf,inf,0.0,1.0,CCGT,52.568246708471015,0.0,True,0,inf,101315.89438229988,0.5173994426331483,False,0.0,0.0,0.0,0,0,1,0,,,1.0,1.0,1.0,3173.872314501714,854514.0,
DE0 5 biomass,DE0 5,PQ,,242.599,0.0,False,242.599,inf,,0.0,1.0,,-inf,inf,0.0,1.0,biomass,16.33588577980368,0.0,True,0,inf,294201.05117025424,0.45603543295726695,False,0.0,0.0,0.0,0,0,1,0,,,1.0,1.0,1.0,242.599,2337611.6,
DE0 5 coal,DE0 5,PQ,,1201.9398804677235,0.0,False,1201.9398804677235,inf,,0.0,1.0,,-inf,inf,0.0,1.0,coal,30.108318016250493,0.0,True,0,inf,337208.02744802914,0.35600000000000004,False,0.0,0.0,0.0,0,0,1,0,,,1.0,1.0,1.0,1201.9398804677235,3827162.9,
DE0 5 oil,DE0 5,PQ,,91.49849999999999,0.0,False,91.49849999999999,inf,,0.0,1.0,,-inf,inf,0.0,1.0,oil,157.53428098566653,0.0,True,0,inf,39330.422852513875,0.35,False,0.0,0.0,0.0,0,0,1,0,,,1.0,1.0,1.0,91.49849999999999,357414.4,
DE0 6 CCGT,DE0 6,PQ,,2422.157302,0.0,True,2422.157302,inf,,0.0,1.0,,-inf,inf,0.0,1.0,CCGT,47.80927120115563,0.0,True,0,inf,101315.89438229984,0.5724992956087684,False,0.0,0.0,0.0,0,0,1,0,,,1.0,1.0,1.0,2422.164829148731,854514.0,
DE0 6 OCGT,DE0 6,PQ,,23.31,0.0,True,23.31,inf,,0.0,1.0,,-inf,inf,0.0,1.0,OCGT,58.32421829489393,0.0,True,0,inf,45869.229072382295,0.4587633633633634,False,0.0,0.0,0.0,0,0,1,0,,,1.0,1.0,1.0,23.310004163402272,442008.6,
DE0 6 biomass,DE0 6,PQ,,78.511,0.0,False,78.511,inf,,0.0,1.0,,-inf,inf,0.0,1.0,biomass,16.545584217523345,0.0,True,0,inf,294201.05117025424,0.4510413572620397,False,0.0,0.0,0.0,0,0,1,0,,,1.0,1.0,1.0,78.511,2337611.6,
DE0 6 coal,DE0 6,PQ,,805.0,0.0,False,805.0,inf,,0.0,1.0,,-inf,inf,0.0,1.0,coal,30.107921681687323,0.0,True,0,inf,337208.02744802914,0.356,False,0.0,0.0,0.0,0,0,1,0,,,1.0,1.0,1.0,805.0,3827162.9,
DE0 6 oil,DE0 6,PQ,,195.46599999999998,0.0,False,195.46599999999998,inf,,0.0,1.0,,-inf,inf,0.0,1.0,oil,157.53416307361476,0.0,True,0,inf,39330.42285251387,0.35000000000000003,False,0.0,0.0,0.0,0,0,1,0,,,1.0,1.0,1.0,195.46599999999998,357414.4,
DE0 7 CCGT,DE0 7,PQ,,1066.2244200000002,0.0,True,1066.2244200000002,inf,,0.0,1.0,,-inf,inf,0.0,1.0,CCGT,50.23179941354056,0.0,True,0,inf,101315.89438229984,0.5504144848792714,False,0.0,0.0,0.0,0,0,1,0,,,1.0,1.0,1.0,1066.2257319200178,854514.0,
DE0 7 biomass,DE0 7,PQ,,248.45200000000003,0.0,False,248.45200000000003,inf,,0.0,1.0,,-inf,inf,0.0,1.0,biomass,16.105759709806463,0.0,True,0,inf,294201.0511702542,0.46158910373029793,False,0.0,0.0,0.0,0,0,1,0,,,1.0,1.0,1.0,248.45200000000003,2337611.6,
DE0 7 coal,DE0 7,PQ,,1283.5,0.0,False,1283.5,inf,,0.0,1.0,,-inf,inf,0.0,1.0,coal,30.108300629353202,0.0,True,0,inf,337208.02744802914,0.356,False,0.0,0.0,0.0,0,0,1,0,,,1.0,1.0,1.0,1283.5,3827162.9,
DE0 7 oil,DE0 7,PQ,,111.95100000000001,0.0,False,111.95100000000001,inf,,0.0,1.0,,-inf,inf,0.0,1.0,oil,157.53305109230556,0.0,True,0,inf,39330.42285251387,0.3499999999999999,False,0.0,0.0,0.0,0,0,1,0,,,1.0,1.0,1.0,111.95100000000001,357414.4,
DE0 8 CCGT,DE0 8,PQ,,2095.080272,0.0,True,2095.080272,inf,,0.0,1.0,,-inf,inf,0.0,1.0,CCGT,52.523439151363654,0.0,True,0,inf,101315.89438229986,0.5260200552171669,False,0.0,0.0,0.0,0,0,1,0,,,1.0,1.0,1.0,2095.0840991830387,854514.0,
DE0 8 biomass,DE0 8,PQ,,96.643879,0.0,False,96.643879,inf,,0.0,1.0,,-inf,inf,0.0,1.0,biomass,16.525161519492073,0.0,True,0,inf,294201.05117025424,0.45151887345084735,False,0.0,0.0,0.0,0,0,1,0,,,1.0,1.0,1.0,96.643879,2337611.6,
DE0 8 coal,DE0 8,PQ,,3.25,0.0,False,3.25,inf,,0.0,1.0,,-inf,inf,0.0,1.0,coal,30.109196640068042,0.0,True,0,inf,337208.02744802914,0.356,False,0.0,0.0,0.0,0,0,1,0,,,1.0,1.0,1.0,3.25,3827162.9,
DE0 8 lignite,DE0 8,PQ,,2961.3830000000003,0.0,False,2961.3830000000003,inf,,0.0,1.0,,-inf,inf,0.0,1.0,lignite,11.647804484558977,0.0,True,0,inf,337208.0274480291,0.39398691147460985,False,0.0,0.0,0.0,0,0,1,0,,,1.0,1.0,1.0,2961.3830000000003,3827162.9000000004,
DE0 8 oil,DE0 8,PQ,,353.58200000000005,0.0,False,353.58200000000005,inf,,0.0,1.0,,-inf,inf,0.0,1.0,oil,151.53030468561874,0.0,True,0,inf,39330.42285251387,0.3648493135962802,False,0.0,0.0,0.0,0,0,1,0,,,1.0,1.0,1.0,353.58200000000005,357414.4,
DE0 9 CCGT,DE0 9,PQ,,316.071,0.0,True,316.071,inf,,0.0,1.0,,-inf,inf,0.0,1.0,CCGT,54.941176285228345,0.0,True,0,inf,101315.89438229986,0.5095259432216179,False,0.0,0.0,0.0,0,0,1,0,,,1.0,1.0,1.0,316.07149165070115,854514.0,
DE0 9 biomass,DE0 9,PQ,,148.516,0.0,False,148.516,inf,,0.0,1.0,,-inf,inf,0.0,1.0,biomass,16.38075477050239,0.0,True,0,inf,294201.0511702542,0.4549643674755582,False,0.0,0.0,0.0,0,0,1,0,,,1.0,1.0,1.0,148.516,2337611.6,
DE0 9 coal,DE0 9,PQ,,875.0,0.0,False,875.0,inf,,0.0,1.0,,-inf,inf,0.0,1.0,coal,30.109461476350745,0.0,True,0,inf,337208.02744802914,0.356,False,0.0,0.0,0.0,0,0,1,0,,,1.0,1.0,1.0,875.0,3827162.9,
DE0 9 lignite,DE0 9,PQ,,53.6,0.0,False,53.6,inf,,0.0,1.0,,-inf,inf,0.0,1.0,lignite,12.099423686313092,0.0,True,0,inf,337208.02744802914,0.3736,False,0.0,0.0,0.0,0,0,1,0,,,1.0,1.0,1.0,53.6,3827162.9,
DE0 9 oil,DE0 9,PQ,,33.035000000000004,0.0,False,33.035000000000004,inf,,0.0,1.0,,-inf,inf,0.0,1.0,oil,157.5340957872948,0.0,True,0,inf,39330.42285251387,0.35,False,0.0,0.0,0.0,0,0,1,0,,,1.0,1.0,1.0,33.035000000000004,357414.4000000001,
DK0 0 CCGT,DK0 0,PQ,,503.0,0.0,True,503.0,inf,,0.0,1.0,,-inf,inf,0.0,1.0,CCGT,52.48300694595054,0.0,True,0,inf,101315.89438229984,0.5131709741550696,False,0.0,0.0,0.0,0,0,1,0,,,1.0,1.0,1.0,503.00009410555623,854514.0,
DK0 0 coal,DK0 0,PQ,,375.22834132121193,0.0,False,375.22834132121193,inf,,0.0,1.0,,-inf,inf,0.0,1.0,coal,30.1096455625154,0.0,True,0,inf,337208.02744802914,0.356,False,0.0,0.0,0.0,0,0,1,0,,,1.0,1.0,1.0,375.22834132121193,3827162.9,
DK0 1 CCGT,DK0 1,PQ,,272.2,0.0,True,272.2,inf,,0.0,1.0,,-inf,inf,0.0,1.0,CCGT,45.58600061664599,0.0,True,0,inf,101315.89438229987,0.595,False,0.0,0.0,0.0,0,0,1,0,,,1.0,1.0,1.0,272.2002840038169,854514.0,
DK0 1 biomass,DK0 1,PQ,,37.0,0.0,False,37.0,inf,,0.0,1.0,,-inf,inf,0.0,1.0,biomass,15.837205291980355,0.0,True,0,inf,294201.05117025424,0.468,False,0.0,0.0,0.0,0,0,1,0,,,1.0,1.0,1.0,37.0,2337611.6,
DK0 1 coal,DK0 1,PQ,,1108.9160891474646,0.0,False,1108.9160891474646,inf,,0.0,1.0,,-inf,inf,0.0,1.0,coal,30.10980164412233,0.0,True,0,inf,337208.02744802914,0.356,False,0.0,0.0,0.0,0,0,1,0,,,1.0,1.0,1.0,1108.9160891474646,3827162.9,
DK1 0 CCGT,DK1 0,Slack,,1038.0,0.0,True,1038.0,inf,,0.0,1.0,,-inf,inf,0.0,1.0,CCGT,45.58732172849041,0.0,True,0,inf,101315.89438229987,0.595,False,0.0,0.0,0.0,0,0,1,0,,,1.0,1.0,1.0,1038.0054182180115,854514.0,
DK1 0 biomass,DK1 0,PQ,,281.0,0.0,False,281.0,inf,,0.0,1.0,,-inf,inf,0.0,1.0,biomass,15.839044073137783,0.0,True,0,inf,294201.05117025424,0.468,False,0.0,0.0,0.0,0,0,1,0,,,1.0,1.0,1.0,281.0,2337611.6,
DK1 0 coal,DK1 0,PQ,,479.0,0.0,False,479.0,inf,,0.0,1.0,,-inf,inf,0.0,1.0,coal,30.108671456539877,0.0,True,0,inf,337208.02744802914,0.356,False,0.0,0.0,0.0,0,0,1,0,,,1.0,1.0,1.0,479.0,3827162.9,
DK1 1 biomass,DK1 1,PQ,,65.0,0.0,False,65.0,inf,,0.0,1.0,,-inf,inf,0.0,1.0,biomass,15.838694359129445,0.0,True,0,inf,294201.05117025424,0.468,False,0.0,0.0,0.0,0,0,1,0,,,1.0,1.0,1.0,65.0,2337611.6,
DK1 1 coal,DK1 1,PQ,,1120.741178275869,0.0,False,1120.741178275869,inf,,0.0,1.0,,-inf,inf,0.0,1.0,coal,30.108266112435345,0.0,True,0,inf,337208.02744802914,0.356,False,0.0,0.0,0.0,0,0,1,0,,,1.0,1.0,1.0,1120.741178275869,3827162.9,
ES0 0 CCGT,ES0 0,PQ,,15156.622,0.0,True,15156.622,inf,,0.0,1.0,,-inf,inf,0.0,1.0,CCGT,56.234931740627054,0.0,True,0,inf,101315.89438229986,0.5375196005888015,False,0.0,0.0,0.0,0,0,1,0,,,1.0,1.0,1.0,15156.623546430066,854514.0,
ES0 0 biomass,ES0 0,PQ,,57.0,0.0,False,57.0,inf,,0.0,1.0,,-inf,inf,0.0,1.0,biomass,15.838908224307904,0.0,True,0,inf,294201.05117025424,0.468,False,0.0,0.0,0.0,0,0,1,0,,,1.0,1.0,1.0,57.0,2337611.6,
ES0 0 coal,ES0 0,PQ,,65.0,0.0,False,65.0,inf,,0.0,1.0,,-inf,inf,0.0,1.0,coal,30.108095673886638,0.0,True,0,inf,337208.02744802914,0.356,False,0.0,0.0,0.0,0,0,1,0,,,1.0,1.0,1.0,65.0,3827162.9,
ES0 0 nuclear,ES0 0,PQ,,5100.1,0.0,False,5100.1,inf,,0.0,0.883,,-inf,inf,0.0,1.0,nuclear,14.02405889637992,0.0,True,0,inf,753784.2152972104,0.326,False,0.0,0.0,0.0,0,0,1,0,,,1.0,1.0,1.0,5100.1,8594135.399999999,
ES0 0 oil,ES0 0,PQ,,26.46,0.0,False,26.46,inf,,0.0,1.0,,-inf,inf,0.0,1.0,oil,157.5338644445162,0.0,True,0,inf,39330.422852513875,0.35,False,0.0,0.0,0.0,0,0,1,0,,,1.0,1.0,1.0,26.46,357414.4,
ES0 1 CCGT,ES0 1,PQ,,9105.821999999998,0.0,True,9105.821999999998,inf,,0.0,1.0,,-inf,inf,0.0,1.0,CCGT,47.025487634730794,0.0,True,0,inf,101315.89438229988,0.5794180306694499,False,0.0,0.0,0.0,0,0,1,0,,,1.0,1.0,1.0,9105.822349272632,854514.0,
ES0 1 biomass,ES0 1,PQ,,388.0,0.0,False,388.0,inf,,0.0,1.0,,-inf,inf,0.0,1.0,biomass,15.837816420981314,0.0,True,0,inf,294201.05117025424,0.46799999999999997,False,0.0,0.0,0.0,0,0,1,0,,,1.0,1.0,1.0,388.0,2337611.6,
ES0 1 coal,ES0 1,PQ,,3391.8151196275776,0.0,False,3391.8151196275776,inf,,0.0,1.0,,-inf,inf,0.0,1.0,coal,30.109674147008747,0.0,True,0,inf,337208.0274480291,0.3559999999999999,False,0.0,0.0,0.0,0,0,1,0,,,1.0,1.0,1.0,3391.8151196275776,3827162.9,
ES0 1 nuclear,ES0 1,PQ,,2017.1,0.0,False,2017.1,inf,,0.0,0.883,,-inf,inf,0.0,1.0,nuclear,14.023306412565695,0.0,True,0,inf,753784.2152972104,0.326,False,0.0,0.0,0.0,0,0,1,0,,,1.0,1.0,1.0,2017.1,8594135.399999999,
ES0 1 oil,ES0 1,PQ,,198.411,0.0,False,198.411,inf,,0.0,1.0,,-inf,inf,0.0,1.0,oil,157.53447948130807,0.0,True,0,inf,39330.42285251387,0.35,False,0.0,0.0,0.0,0,0,1,0,,,1.0,1.0,1.0,198.411,357414.4,
ES6 0 CCGT,ES6 0,Slack,,374.0,0.0,True,374.0,inf,,0.0,1.0,,-inf,inf,0.0,1.0,CCGT,45.587271606095584,0.0,True,0,inf,101315.89438229986,0.595,False,0.0,0.0,0.0,0,0,1,0,,,1.0,1.0,1.0,374.0031724349334,854514.0,
ES6 0 coal,ES6 0,PQ,,239.7036087064253,0.0,False,239.7036087064253,inf,,0.0,1.0,,-inf,inf,0.0,1.0,coal,30.109685214147387,0.0,True,0,inf,337208.02744802914,0.356,False,0.0,0.0,0.0,0,0,1,0,,,1.0,1.0,1.0,239.7036087064253,3827162.9,
ES6 0 oil,ES6 0,PQ,,195.2,0.0,False,195.2,inf,,0.0,1.0,,-inf,inf,0.0,1.0,oil,157.5334781900395,0.0,True,0,inf,39330.42285251387,0.35,False,0.0,0.0,0.0,0,0,1,0,,,1.0,1.0,1.0,195.2,357414.4,
ES6 1 CCGT,ES6 1,PQ,,3634.8,0.0,True,3634.8,inf,,0.0,1.0,,-inf,inf,0.0,1.0,CCGT,46.07703988734848,0.0,True,0,inf,101315.89438229984,0.5881058104985143,False,0.0,0.0,0.0,0,0,1,0,,,1.0,1.0,1.0,3634.803389926373,854514.0,
ES6 1 biomass,ES6 1,PQ,,38.0,0.0,False,38.0,inf,,0.0,1.0,,-inf,inf,0.0,1.0,biomass,15.838395275957824,0.0,True,0,inf,294201.05117025424,0.468,False,0.0,0.0,0.0,0,0,1,0,,,1.0,1.0,1.0,38.0,2337611.6,
FR0 0 CCGT,FR0 0,PQ,,8913.2,0.0,True,8913.2,inf,,0.0,1.0,,-inf,inf,0.0,1.0,CCGT,47.03661295678864,0.0,True,0,inf,101315.89438229986,0.5801816605114424,False,0.0,0.0,0.0,0,0,1,0,,,1.0,1.0,1.0,8913.20079131694,854514.0,
FR0 0 biomass,FR0 0,PQ,,102.0,0.0,False,102.0,inf,,0.0,1.0,,-inf,inf,0.0,1.0,biomass,15.839070813270366,0.0,True,0,inf,294201.05117025424,0.46799999999999997,False,0.0,0.0,0.0,0,0,1,0,,,1.0,1.0,1.0,102.0,2337611.6,
FR0 0 coal,FR0 0,PQ,,1161.6405652695996,0.0,False,1161.6405652695996,inf,,0.0,1.0,,-inf,inf,0.0,1.0,coal,30.10863557754147,0.0,True,0,inf,337208.02744802914,0.356,False,0.0,0.0,0.0,0,0,1,0,,,1.0,1.0,1.0,1161.6405652695996,3827162.9,
FR0 0 lignite,FR0 0,PQ,,977.0,0.0,False,977.0,inf,,0.0,1.0,,-inf,inf,0.0,1.0,lignite,13.266610101551297,0.0,True,0,inf,337208.02744802914,0.33,False,0.0,0.0,0.0,0,0,1,0,,,1.0,1.0,1.0,977.0,3827162.9,
FR0 0 nuclear,FR0 0,PQ,,52240.0,0.0,False,52240.0,inf,,0.0,0.616,,-inf,inf,0.0,1.0,nuclear,14.02350553782128,0.0,True,0,inf,753784.2152972103,0.32600000000000007,False,0.0,0.0,0.0,0,0,1,0,,,1.0,1.0,1.0,52240.0,8594135.399999999,
FR0 0 oil,FR0 0,PQ,,624.0,0.0,False,624.0,inf,,0.0,1.0,,-inf,inf,0.0,1.0,oil,157.53368090754338,0.0,True,0,inf,39330.42285251387,0.35,False,0.0,0.0,0.0,0,0,1,0,,,1.0,1.0,1.0,624.0,357414.4,
FR4 0 CCGT,FR4 0,PQ,,231.0,0.0,True,231.0,inf,,0.0,1.0,,-inf,inf,0.0,1.0,CCGT,45.587541259392864,0.0,True,0,inf,101315.89438229986,0.595,False,0.0,0.0,0.0,0,0,1,0,,,1.0,1.0,1.0,231.0004229053924,854514.0,
FR4 0 biomass,FR4 0,PQ,,150.0,0.0,False,150.0,inf,,0.0,1.0,,-inf,inf,0.0,1.0,biomass,15.837402830774247,0.0,True,0,inf,294201.05117025424,0.468,False,0.0,0.0,0.0,0,0,1,0,,,1.0,1.0,1.0,150.0,2337611.6,
GB2 0 CCGT,GB2 0,Slack,,25768.6,0.0,True,25768.6,inf,,0.0,1.0,,-inf,inf,0.0,1.0,CCGT,45.65934724353209,0.0,True,0,inf,101315.89438229987,0.5939696762726729,False,0.0,0.0,0.0,0,0,1,0,,,1.0,1.0,1.0,25768.62358914928,854514.0,
GB2 0 biomass,GB2 0,PQ,,754.0,0.0,False,754.0,inf,,0.0,1.0,,-inf,inf,0.0,1.0,biomass,15.837850438467376,0.0,True,0,inf,294201.05117025424,0.4680000000000001,False,0.0,0.0,0.0,0,0,1,0,,,1.0,1.0,1.0,754.0,2337611.6,
GB2 0 coal,GB2 0,PQ,,2002.4470696552144,0.0,False,2002.4470696552144,inf,,0.0,1.0,,-inf,inf,0.0,1.0,coal,30.108135895125482,0.0,True,0,inf,337208.02744802914,0.356,False,0.0,0.0,0.0,0,0,1,0,,,1.0,1.0,1.0,2002.4470696552144,3827162.9,
GB2 0 nuclear,GB2 0,PQ,,6604.0,0.0,False,6604.0,inf,,0.0,0.684,,-inf,inf,0.0,1.0,nuclear,14.022839604113233,0.0,True,0,inf,753784.2152972104,0.326,False,0.0,0.0,0.0,0,0,1,0,,,1.0,1.0,1.0,6604.0,8594135.399999999,
GB2 1 CCGT,GB2 1,PQ,,4975.8,0.0,True,4975.8,inf,,0.0,1.0,,-inf,inf,0.0,1.0,CCGT,45.587114793106736,0.0,True,0,inf,101315.89438229986,0.5949999999999999,False,0.0,0.0,0.0,0,0,1,0,,,1.0,1.0,1.0,4975.80041281849,854514.0,
GB2 1 biomass,GB2 1,PQ,,928.0,0.0,False,928.0,inf,,0.0,1.0,,-inf,inf,0.0,1.0,biomass,15.8382509122069,0.0,True,0,inf,294201.05117025424,0.468,False,0.0,0.0,0.0,0,0,1,0,,,1.0,1.0,1.0,928.0,2337611.6,
GB2 1 nuclear,GB2 1,PQ,,5378.0,0.0,False,5378.0,inf,,0.0,0.684,,-inf,inf,0.0,1.0,nuclear,14.02233907291643,0.0,True,0,inf,753784.2152972104,0.326,False,0.0,0.0,0.0,0,0,1,0,,,1.0,1.0,1.0,5378.0,8594135.399999999,
GB5 0 CCGT,GB5 0,Slack,,473.0,0.0,True,473.0,inf,,0.0,1.0,,-inf,inf,0.0,1.0,CCGT,45.58752154769139,0.0,True,0,inf,101315.89438229986,0.595,False,0.0,0.0,0.0,0,0,1,0,,,1.0,1.0,1.0,473.00050182471085,854514.0,
GB5 1 CCGT,GB5 1,PQ,,3027.5,0.0,True,3027.5,inf,,0.0,1.0,,-inf,inf,0.0,1.0,CCGT,45.58678831547615,0.0,True,0,inf,101315.89438229986,0.595,False,0.0,0.0,0.0,0,0,1,0,,,1.0,1.0,1.0,3027.5069536918086,854514.0,
IT0 0 CCGT,IT0 0,PQ,,18011.92,0.0,True,18011.92,inf,,0.0,1.0,,-inf,inf,0.0,1.0,CCGT,51.78510329396388,0.0,True,0,inf,101315.89438229988,0.5533857164111232,False,0.0,0.0,0.0,0,0,1,0,,,1.0,1.0,1.0,18011.920219309646,854514.0,
IT0 0 biomass,IT0 0,PQ,,72.0,0.0,False,72.0,inf,,0.0,1.0,,-inf,inf,0.0,1.0,biomass,15.838527465748722,0.0,True,0,inf,294201.05117025424,0.468,False,0.0,0.0,0.0,0,0,1,0,,,1.0,1.0,1.0,72.0,2337611.6,
IT0 0 coal,IT0 0,PQ,,4379.200543675078,0.0,False,4379.200543675078,inf,,0.0,1.0,,-inf,inf,0.0,1.0,coal,30.10859718817959,0.0,True,0,inf,337208.0274480292,0.356,False,0.0,0.0,0.0,0,0,1,0,,,1.0,1.0,1.0,4379.200543675078,3827162.9,
IT0 1 CCGT,IT0 1,PQ,,21902.6,0.0,True,21902.6,inf,,0.0,1.0,,-inf,inf,0.0,1.0,CCGT,52.724498872261115,0.0,True,0,inf,101315.89438229986,0.5551321268576815,False,0.0,0.0,0.0,0,0,1,0,,,1.0,1.0,1.0,21902.602915992557,854514.0,
IT0 1 biomass,IT0 1,PQ,,116.0,0.0,False,116.0,inf,,0.0,1.0,,-inf,inf,0.0,1.0,biomass,15.838332457390928,0.0,True,0,inf,294201.05117025424,0.468,False,0.0,0.0,0.0,0,0,1,0,,,1.0,1.0,1.0,116.0,2337611.6,
IT0 1 coal,IT0 1,PQ,,1762.7434609487893,0.0,False,1762.7434609487893,inf,,0.0,1.0,,-inf,inf,0.0,1.0,coal,30.109294609339212,0.0,True,0,inf,337208.02744802914,0.356,False,0.0,0.0,0.0,0,0,1,0,,,1.0,1.0,1.0,1762.7434609487893,3827162.9,
IT0 1 geothermal,IT0 1,PQ,,59.0,0.0,False,59.0,inf,,0.0,1.0,,-inf,inf,0.0,1.0,geothermal,0.010342253208940244,0.0,True,0,inf,0.0,1.0,False,0.0,0.0,0.0,0,0,1,0,,,1.0,1.0,1.0,59.0,0.0,
IT3 0 biomass,IT3 0,Slack,,36.0,0.0,False,36.0,inf,,0.0,1.0,,-inf,inf,0.0,1.0,biomass,15.83770015451213,0.0,True,0,inf,294201.05117025424,0.468,False,0.0,0.0,0.0,0,0,1,0,,,1.0,1.0,1.0,36.0,2337611.6,
IT3 0 coal,IT3 0,PQ,,590.0396522004315,0.0,False,590.0396522004315,inf,,0.0,1.0,,-inf,inf,0.0,1.0,coal,30.108890181881108,0.0,True,0,inf,337208.02744802914,0.356,False,0.0,0.0,0.0,0,0,1,0,,,1.0,1.0,1.0,590.0396522004315,3827162.9,
IT3 1 coal,IT3 1,PQ,,543.9428043722728,0.0,False,543.9428043722728,inf,,0.0,1.0,,-inf,inf,0.0,1.0,coal,30.108915776326345,0.0,True,0,inf,337208.02744802914,0.356,False,0.0,0.0,0.0,0,0,1,0,,,1.0,1.0,1.0,543.9428043722728,3827162.9,
IT3 1 oil,IT3 1,PQ,,150.0,0.0,False,150.0,inf,,0.0,1.0,,-inf,inf,0.0,1.0,oil,157.5343050352997,0.0,True,0,inf,39330.42285251387,0.35,False,0.0,0.0,0.0,0,0,1,0,,,1.0,1.0,1.0,150.0,357414.4,
NL0 0 CCGT,NL0 0,PQ,,6819.4,0.0,True,6819.4,inf,,0.0,1.0,,-inf,inf,0.0,1.0,CCGT,61.05668600384141,0.0,True,0,inf,101315.89438229986,0.49556549696741786,False,0.0,0.0,0.0,0,0,1,0,,,1.0,1.0,1.0,6819.400000451925,854514.0,
NL0 0 biomass,NL0 0,PQ,,135.0,0.0,False,135.0,inf,,0.0,1.0,,-inf,inf,0.0,1.0,biomass,15.83880059339551,0.0,True,0,inf,294201.05117025424,0.46799999999999997,False,0.0,0.0,0.0,0,0,1,0,,,1.0,1.0,1.0,135.0,2337611.6,
NL0 0 coal,NL0 0,PQ,,5296.824647938707,0.0,False,5296.824647938707,inf,,0.0,1.0,,-inf,inf,0.0,1.0,coal,30.109096293136,0.0,True,0,inf,337208.02744802914,0.3560000000000001,False,0.0,0.0,0.0,0,0,1,0,,,1.0,1.0,1.0,5296.824647938707,3827162.9,
NL0 1 CCGT,NL0 1,PQ,,3628.6,0.0,True,3628.6,inf,,0.0,1.0,,-inf,inf,0.0,1.0,CCGT,48.33930588974285,0.0,True,0,inf,101315.89438229986,0.567376260816844,False,0.0,0.0,0.0,0,0,1,0,,,1.0,1.0,1.0,3628.6014981121602,854514.0,
NL0 1 biomass,NL0 1,PQ,,85.0,0.0,False,85.0,inf,,0.0,1.0,,-inf,inf,0.0,1.0,biomass,15.838298086248464,0.0,True,0,inf,294201.05117025424,0.468,False,0.0,0.0,0.0,0,0,1,0,,,1.0,1.0,1.0,85.0,2337611.6,
NL0 1 coal,NL0 1,PQ,,1604.1703044199232,0.0,False,1604.1703044199232,inf,,0.0,1.0,,-inf,inf,0.0,1.0,coal,30.109564273629065,0.0,True,0,inf,337208.02744802914,0.356,False,0.0,0.0,0.0,0,0,1,0,,,1.0,1.0,1.0,1604.1703044199232,3827162.9,
NO1 0 CCGT,NO1 0,PQ,,294.0,0.0,True,294.0,inf,,0.0,1.0,,-inf,inf,0.0,1.0,CCGT,45.586691450846125,0.0,True,0,inf,101315.89438229986,0.595,False,0.0,0.0,0.0,0,0,1,0,,,1.0,1.0,1.0,294.0000553693268,854514.0,
NO1 1 CCGT,NO1 1,PQ,,459.0,0.0,True,459.0,inf,,0.0,1.0,,-inf,inf,0.0,1.0,CCGT,45.58590795905192,0.0,True,0,inf,101315.89438229986,0.595,False,0.0,0.0,0.0,0,0,1,0,,,1.0,1.0,1.0,459.0001870128882,854514.0,
PL0 0 CCGT,PL0 0,PQ,,2975.9,0.0,True,2975.9,inf,,0.0,1.0,,-inf,inf,0.0,1.0,CCGT,45.58657705526171,0.0,True,0,inf,101315.89438229986,0.595,False,0.0,0.0,0.0,0,0,1,0,,,1.0,1.0,1.0,2975.9048995879875,854514.0,
PL0 0 biomass,PL0 0,PQ,,37.0,0.0,False,37.0,inf,,0.0,1.0,,-inf,inf,0.0,1.0,biomass,15.838719019878187,0.0,True,0,inf,294201.05117025424,0.468,False,0.0,0.0,0.0,0,0,1,0,,,1.0,1.0,1.0,37.0,2337611.6,
PL0 0 coal,PL0 0,PQ,,12369.003441818684,0.0,False,12369.003441818684,inf,,0.0,1.0,,-inf,inf,0.0,1.0,coal,30.108060659831086,0.0,True,0,inf,337208.02744802914,0.3559999999999999,False,0.0,0.0,0.0,0,0,1,0,,,1.0,1.0,1.0,12369.003441818684,3827162.9,
PL0 0 lignite,PL0 0,PQ,,5713.36358002231,0.0,False,5713.36358002231,inf,,0.0,1.0,,-inf,inf,0.0,1.0,lignite,13.267288743612028,0.0,True,0,inf,337208.0274480291,0.32999999999999996,False,0.0,0.0,0.0,0,0,1,0,,,1.0,1.0,1.0,5713.36358002231,3827162.9,
PL0 0 oil,PL0 0,PQ,,55.0,0.0,False,55.0,inf,,0.0,1.0,,-inf,inf,0.0,1.0,oil,157.53320639185375,0.0,True,0,inf,39330.42285251387,0.35,False,0.0,0.0,0.0,0,0,1,0,,,1.0,1.0,1.0,55.0,357414.4,
PL0 1 CCGT,PL0 1,PQ,,3281.6,0.0,True,3281.6,inf,,0.0,1.0,,-inf,inf,0.0,1.0,CCGT,45.586624455505444,0.0,True,0,inf,101315.89438229986,0.5950000000000001,False,0.0,0.0,0.0,0,0,1,0,,,1.0,1.0,1.0,3281.60178437673,854514.0,
PL0 1 biomass,PL0 1,PQ,,206.0,0.0,False,206.0,inf,,0.0,1.0,,-inf,inf,0.0,1.0,biomass,15.83797661517,0.0,True,0,inf,294201.05117025424,0.4680000000000001,False,0.0,0.0,0.0,0,0,1,0,,,1.0,1.0,1.0,206.0,2337611.6,
PL0 1 coal,PL0 1,PQ,,1226.1761522290217,0.0,False,1226.1761522290217,inf,,0.0,1.0,,-inf,inf,0.0,1.0,coal,30.108337696973226,0.0,True,0,inf,337208.02744802914,0.356,False,0.0,0.0,0.0,0,0,1,0,,,1.0,1.0,1.0,1226.1761522290217,3827162.9,
PL0 1 lignite,PL0 1,PQ,,2362.522364218123,0.0,False,2362.522364218123,inf,,0.0,1.0,,-inf,inf,0.0,1.0,lignite,13.266949410480564,0.0,True,0,inf,337208.02744802914,0.32999999999999996,False,0.0,0.0,0.0,0,0,1,0,,,1.0,1.0,1.0,2362.522364218123,3827162.9,
SE1 0 biomass,SE1 0,PQ,,727.0,0.0,False,727.0,inf,,0.0,1.0,,-inf,inf,0.0,1.0,biomass,15.837279912422675,0.0,True,0,inf,294201.05117025424,0.468,False,0.0,0.0,0.0,0,0,1,0,,,1.0,1.0,1.0,727.0,2337611.6,
SE1 0 nuclear,SE1 0,PQ,,3261.0,0.0,False,3261.0,inf,,0.0,0.817,,-inf,inf,0.0,1.0,nuclear,14.02379125725766,0.0,True,0,inf,753784.2152972104,0.326,False,0.0,0.0,0.0,0,0,1,0,,,1.0,1.0,1.0,3261.0,8594135.399999999,
SE1 1 CCGT,SE1 1,PQ,,50.0,0.0,True,50.0,inf,,0.0,1.0,,-inf,inf,0.0,1.0,CCGT,45.586610183798484,0.0,True,0,inf,101315.89438229986,0.595,False,0.0,0.0,0.0,0,0,1,0,,,1.0,1.0,1.0,50.00004286823492,854514.0,
SE1 1 biomass,SE1 1,PQ,,384.0,0.0,False,384.0,inf,,0.0,1.0,,-inf,inf,0.0,1.0,biomass,15.838956670626215,0.0,True,0,inf,294201.05117025424,0.4680000000000001,False,0.0,0.0,0.0,0,0,1,0,,,1.0,1.0,1.0,384.0,2337611.6,
SE1 1 nuclear,SE1 1,PQ,,5356.0,0.0,False,5356.0,inf,,0.0,0.817,,-inf,inf,0.0,1.0,nuclear,14.023312602284015,0.0,True,0,inf,753784.2152972104,0.326,False,0.0,0.0,0.0,0,0,1,0,,,1.0,1.0,1.0,5356.0,8594135.399999999,
AT0 0 0 solar,AT0 0,PQ,,0.0,0.0,True,0.0,116820.4375252515,,0.0,1.0,,-inf,inf,0.0,1.0,solar,0.0190700663370681,0.0,True,0,40.0,30755.38541504738,1.0,False,0.0,0.0,0.0,0,0,1,0,,,1.0,1.0,1.0,893.758220041961,429519.8,
AT0 1 0 solar,AT0 1,PQ,,0.0,0.0,True,0.0,59205.63869111312,,0.0,1.0,,-inf,inf,0.0,1.0,solar,0.019287201937764287,0.0,True,0,40.0,30755.38541504738,1.0,False,0.0,0.0,0.0,0,0,1,0,,,1.0,1.0,1.0,0.17232877891199824,429519.8,
BE0 0 0 solar,BE0 0,PQ,,0.0,0.0,True,0.0,42553.57066988437,,0.0,1.0,,-inf,inf,0.0,1.0,solar,0.020591209177281654,0.0,True,0,40.0,30755.38541504738,1.0,False,0.0,0.0,0.0,0,0,1,0,,,1.0,1.0,1.0,0.1475107857589077,429519.8,
BE0 1 0 solar,BE0 1,PQ,,0.0,0.0,True,0.0,63857.50474925534,,0.0,1.0,,-inf,inf,0.0,1.0,solar,0.019983952097715897,0.0,True,0,40.0,30755.38541504738,1.0,False,0.0,0.0,0.0,0,0,1,0,,,1.0,1.0,1.0,0.4591752143488311,429519.8,
CH0 0 0 solar,CH0 0,PQ,,0.0,0.0,True,0.0,44961.02769230939,,0.0,1.0,,-inf,inf,0.0,1.0,solar,0.01988375854293172,0.0,True,0,40.0,30755.38541504738,1.0,False,0.0,0.0,0.0,0,0,1,0,,,1.0,1.0,1.0,0.1227849005064145,429519.8,
CH0 1 0 solar,CH0 1,PQ,,0.0,0.0,True,0.0,80355.88458227774,,0.0,1.0,,-inf,inf,0.0,1.0,solar,0.01963686956275499,0.0,True,0,40.0,30755.38541504738,1.0,False,0.0,0.0,0.0,0,0,1,0,,,1.0,1.0,1.0,0.13128996422123637,429519.8,
CZ0 0 0 solar,CZ0 0,PQ,,0.0,0.0,True,0.0,99616.94006069798,,0.0,1.0,,-inf,inf,0.0,1.0,solar,0.019569098396534264,0.0,True,0,40.0,30755.38541504738,1.0,False,0.0,0.0,0.0,0,0,1,0,,,1.0,1.0,1.0,1.1550427920714799,429519.8,
CZ0 1 0 solar,CZ0 1,PQ,,0.0,0.0,True,0.0,109976.9012630528,,0.0,1.0,,-inf,inf,0.0,1.0,solar,0.020931772624979507,0.0,True,0,40.0,30755.38541504738,1.0,False,0.0,0.0,0.0,0,0,1,0,,,1.0,1.0,1.0,0.20814754364352128,429519.8,
DE0 0 0 solar,DE0 0,PQ,,0.0,0.0,True,0.0,98138.85411649474,,0.0,1.0,,-inf,inf,0.0,1.0,solar,0.019865938661566857,0.0,True,0,40.0,30755.38541504738,1.0,False,0.0,0.0,0.0,0,0,1,0,,,1.0,1.0,1.0,0.07113602147955156,429519.8,
DE0 1 0 solar,DE0 1,PQ,,0.0,0.0,True,0.0,61244.79996034928,,0.0,1.0,,-inf,inf,0.0,1.0,solar,0.020768006065350036,0.0,True,0,40.0,30755.38541504738,1.0,False,0.0,0.0,0.0,0,0,1,0,,,1.0,1.0,1.0,0.31868035361282404,429519.8,
DE0 10 0 solar,DE0 10,PQ,,0.0,0.0,True,0.0,40182.50985384222,,0.0,1.0,,-inf,inf,0.0,1.0,solar,0.020296326246411547,0.0,True,0,40.0,30755.38541504738,1.0,False,0.0,0.0,0.0,0,0,1,0,,,1.0,1.0,1.0,0.11179137177938067,429519.8,
DE0 11 0 solar,DE0 11,PQ,,0.0,0.0,True,0.0,60876.61862427795,,0.0,1.0,,-inf,inf,0.0,1.0,solar,0.02071685529254732,0.0,True,0,40.0,30755.38541504738,1.0,False,0.0,0.0,0.0,0,0,1,0,,,1.0,1.0,1.0,0.18343985517777606,429519.8,
DE0 12 0 solar,DE0 12,PQ,,0.0,0.0,True,0.0,61549.16481123968,,0.0,1.0,,-inf,inf,0.0,1.0,solar,0.020704899089547976,0.0,True,0,40.0,30755.38541504738,1.0,False,0.0,0.0,0.0,0,0,1,0,,,1.0,1.0,1.0,0.17335522254822658,429519.8,
DE0 13 0 solar,DE0 13,PQ,,0.0,0.0,True,0.0,74779.44610243873,,0.0,1.0,,-inf,inf,0.0,1.0,solar,0.020912624055579403,0.0,True,0,40.0,30755.38541504738,1.0,False,0.0,0.0,0.0,0,0,1,0,,,1.0,1.0,1.0,0.18289574888179422,429519.8,
DE0 2 0 solar,DE0 2,PQ,,0.0,0.0,True,0.0,68000.60031828863,,0.0,1.0,,-inf,inf,0.0,1.0,solar,0.020395884472406187,0.0,True,0,40.0,30755.38541504738,1.0,False,0.0,0.0,0.0,0,0,1,0,,,1.0,1.0,1.0,0.5868428593232065,429519.8,
DE0 3 0 solar,DE0 3,PQ,,0.0,0.0,True,0.0,84352.87438969761,,0.0,1.0,,-inf,inf,0.0,1.0,solar,0.020610793870788735,0.0,True,0,40.0,30755.38541504738,1.0,False,0.0,0.0,0.0,0,0,1,0,,,1.0,1.0,1.0,0.10328999259321524,429519.8,
DE0 4 0 solar,DE0 4,PQ,,0.0,0.0,True,0.0,101078.80356401556,,0.0,1.0,,-inf,inf,0.0,1.0,solar,0.020466255790805164,0.0,True,0,40.0,30755.38541504738,1.0,False,0.0,0.0,0.0,0,0,1,0,,,1.0,1.0,1.0,0.1235654760994805,429519.8,
DE0 5 0 solar,DE0 5,PQ,,0.0,0.0,True,0.0,91844.20298066661,,0.0,1.0,,-inf,inf,0.0,1.0,solar,0.02021045367189156,0.0,True,0,40.0,30755.38541504738,1.0,False,0.0,0.0,0.0,0,0,1,0,,,1.0,1.0,1.0,0.08472021139342777,429519.8,
DE0 6 0 solar,DE0 6,PQ,,0.0,0.0,True,0.0,94562.76815328622,,0.0,1.0,,-inf,inf,0.0,1.0,solar,0.020434708267783465,0.0,True,0,40.0,30755.38541504738,1.0,False,0.0,0.0,0.0,0,0,1,0,,,1.0,1.0,1.0,1.415817416540254,429519.8,
DE0 7 0 solar,DE0 7,PQ,,0.0,0.0,True,0.0,83848.3525341703,,0.0,1.0,,-inf,inf,0.0,1.0,solar,0.02043150082284967,0.0,True,0,40.0,30755.38541504738,1.0,False,0.0,0.0,0.0,0,0,1,0,,,1.0,1.0,1.0,0.13119371398939392,429519.8,
DE0 8 0 solar,DE0 8,PQ,,0.0,0.0,True,0.0,93827.28962109002,,0.0,1.0,,-inf,inf,0.0,1.0,solar,0.019081815586072595,0.0,True,0,40.0,30755.38541504738,1.0,False,0.0,0.0,0.0,0,0,1,0,,,1.0,1.0,1.0,0.3141088379510515,429519.8,
DE0 9 0 solar,DE0 9,PQ,,0.0,0.0,True,0.0,71742.22257596551,,0.0,1.0,,-inf,inf,0.0,1.0,solar,0.020032221671063007,0.0,True,0,40.0,30755.38541504738,1.0,False,0.0,0.0,0.0,0,0,1,0,,,1.0,1.0,1.0,0.08016593907751725,429519.8,
DK0 0 0 solar,DK0 0,PQ,,0.0,0.0,True,0.0,56652.24057547108,,0.0,1.0,,-inf,inf,0.0,1.0,solar,0.02058530272145295,0.0,True,0,40.0,30755.38541504738,1.0,False,0.0,0.0,0.0,0,0,1,0,,,1.0,1.0,1.0,0.05539653888682921,429519.8,
DK0 1 0 solar,DK0 1,PQ,,0.0,0.0,True,0.0,65032.64677582975,,0.0,1.0,,-inf,inf,0.0,1.0,solar,0.01948592437302001,0.0,True,0,40.0,30755.38541504738,1.0,False,0.0,0.0,0.0,0,0,1,0,,,1.0,1.0,1.0,0.05334773371039899,429519.8,
DK1 0 0 solar,DK1 0,PQ,,0.0,0.0,True,0.0,25085.815839507573,,0.0,1.0,,-inf,inf,0.0,1.0,solar,0.01993029597294803,0.0,True,0,40.0,30755.38541504738,1.0,False,0.0,0.0,0.0,0,0,1,0,,,1.0,1.0,1.0,0.056630157043485924,429519.8,
DK1 1 0 solar,DK1 1,PQ,,0.0,0.0,True,0.0,12875.746900471408,,0.0,1.0,,-inf,inf,0.0,1.0,solar,0.01986997142192079,0.0,True,0,40.0,30755.38541504738,1.0,False,0.0,0.0,0.0,0,0,1,0,,,1.0,1.0,1.0,0.0396985873719614,429519.8,
ES0 0 0 solar,ES0 0,PQ,,0.0,0.0,True,0.0,391766.8199328456,,0.0,1.0,,-inf,inf,0.0,1.0,solar,0.01980557433856849,0.0,True,0,40.0,30755.38541504738,1.0,False,0.0,0.0,0.0,0,0,1,0,,,1.0,1.0,1.0,0.15960201472736124,429519.8,
ES0 1 0 solar,ES0 1,PQ,,0.0,0.0,True,0.0,692329.1664117394,,0.0,1.0,,-inf,inf,0.0,1.0,solar,0.019243679055534823,0.0,True,0,40.0,30755.38541504738,1.0,False,0.0,0.0,0.0,0,0,1,0,,,1.0,1.0,1.0,0.12894295452854984,429519.8,
ES6 0 0 solar,ES6 0,PQ,,0.0,0.0,True,0.0,7695.694233050217,,0.0,1.0,,-inf,inf,0.0,1.0,solar,0.020051423082540296,0.0,True,0,40.0,30755.38541504738,1.0,False,0.0,0.0,0.0,0,0,1,0,,,1.0,1.0,1.0,0.041908203636395434,429519.8,
ES6 1 0 solar,ES6 1,PQ,,0.0,0.0,True,0.0,4270.620154000971,,0.0,1.0,,-inf,inf,0.0,1.0,solar,0.019892496730540665,0.0,True,0,40.0,30755.38541504738,1.0,False,0.0,0.0,0.0,0,0,1,0,,,1.0,1.0,1.0,0.03554960747831859,429519.8,
FR0 0 0 solar,FR0 0,PQ,,0.0,0.0,True,0.0,1674859.7811585465,,0.0,1.0,,-inf,inf,0.0,1.0,solar,0.02032678551455528,0.0,True,0,40.0,30755.38541504738,1.0,False,0.0,0.0,0.0,0,0,1,0,,,1.0,1.0,1.0,0.19155865390076487,429519.8,
FR4 0 0 solar,FR4 0,PQ,,0.0,0.0,True,0.0,11000.797012045448,,0.0,1.0,,-inf,inf,0.0,1.0,solar,0.020098826117564902,0.0,True,0,40.0,30755.38541504738,1.0,False,0.0,0.0,0.0,0,0,1,0,,,1.0,1.0,1.0,0.07527083456328236,429519.8,
GB2 0 0 solar,GB2 0,PQ,,0.0,0.0,True,0.0,436582.81246663106,,0.0,1.0,,-inf,inf,0.0,1.0,solar,0.019055085859304308,0.0,True,0,40.0,30755.38541504738,1.0,False,0.0,0.0,0.0,0,0,1,0,,,1.0,1.0,1.0,14836.972100832294,429519.8,
GB2 1 0 solar,GB2 1,PQ,,0.0,0.0,True,0.0,363214.12909889495,,0.0,1.0,,-inf,inf,0.0,1.0,solar,0.019063835975211503,0.0,True,0,40.0,30755.38541504738,1.0,False,0.0,0.0,0.0,0,0,1,0,,,1.0,1.0,1.0,0.07544446597312722,429519.8,
GB5 0 0 solar,GB5 0,PQ,,0.0,0.0,True,0.0,39108.36414814721,,0.0,1.0,,-inf,inf,0.0,1.0,solar,0.020402719602036466,0.0,True,0,40.0,30755.38541504738,1.0,False,0.0,0.0,0.0,0,0,1,0,,,1.0,1.0,1.0,0.05818774495319228,429519.8,
GB5 1 0 solar,GB5 1,PQ,,0.0,0.0,True,0.0,17915.772977502085,,0.0,1.0,,-inf,inf,0.0,1.0,solar,0.020415162237118714,0.0,True,0,40.0,30755.38541504738,1.0,False,0.0,0.0,0.0,0,0,1,0,,,1.0,1.0,1.0,0.05723005252320771,429519.8,
IT0 0 0 solar,IT0 0,PQ,,0.0,0.0,True,0.0,388548.95486377145,,0.0,1.0,,-inf,inf,0.0,1.0,solar,0.020919878267448934,0.0,True,0,40.0,30755.38541504738,1.0,False,0.0,0.0,0.0,0,0,1,0,,,1.0,1.0,1.0,0.13883091569455022,429519.8,
IT0 1 0 solar,IT0 1,PQ,,0.0,0.0,True,0.0,336902.1138000354,,0.0,1.0,,-inf,inf,0.0,1.0,solar,0.020753409363007624,0.0,True,0,40.0,30755.38541504738,1.0,False,0.0,0.0,0.0,0,0,1,0,,,1.0,1.0,1.0,0.3033519204659162,429519.8,
IT3 0 0 solar,IT3 0,PQ,,0.0,0.0,True,0.0,25685.978364425242,,0.0,1.0,,-inf,inf,0.0,1.0,solar,0.019936119334774512,0.0,True,0,40.0,30755.38541504738,1.0,False,0.0,0.0,0.0,0,0,1,0,,,1.0,1.0,1.0,0.079919952606649,429519.8,
IT3 1 0 solar,IT3 1,PQ,,0.0,0.0,True,0.0,13262.903009238693,,0.0,1.0,,-inf,inf,0.0,1.0,solar,0.020251813023370337,0.0,True,0,40.0,30755.38541504738,1.0,False,0.0,0.0,0.0,0,0,1,0,,,1.0,1.0,1.0,0.06363013279175096,429519.8,
LU0 0 0 solar,LU0 0,PQ,,0.0,0.0,True,0.0,2724.6679679033623,,0.0,1.0,,-inf,inf,0.0,1.0,solar,0.019914363455392534,0.0,True,0,40.0,30755.38541504738,1.0,False,0.0,0.0,0.0,0,0,1,0,,,1.0,1.0,1.0,0.04073719906905269,429519.8,
LU0 1 0 solar,LU0 1,PQ,,0.0,0.0,True,0.0,3246.1140344730757,,0.0,1.0,,-inf,inf,0.0,1.0,solar,0.019445892473335506,0.0,True,0,40.0,30755.38541504738,1.0,False,0.0,0.0,0.0,0,0,1,0,,,1.0,1.0,1.0,0.07547569003941884,429519.8,
NL0 0 0 solar,NL0 0,PQ,,0.0,0.0,True,0.0,47219.60633810963,,0.0,1.0,,-inf,inf,0.0,1.0,solar,0.019753353994512685,0.0,True,0,40.0,30755.38541504738,1.0,False,0.0,0.0,0.0,0,0,1,0,,,1.0,1.0,1.0,0.12228766234594247,429519.8,
NL0 1 0 solar,NL0 1,PQ,,0.0,0.0,True,0.0,92322.93399279432,,0.0,1.0,,-inf,inf,0.0,1.0,solar,0.01920776846492933,0.0,True,0,40.0,30755.38541504738,1.0,False,0.0,0.0,0.0,0,0,1,0,,,1.0,1.0,1.0,0.11316526270051976,429519.8,
NO1 0 0 solar,NO1 0,PQ,,0.0,0.0,True,0.0,283403.2130860028,,0.0,1.0,,-inf,inf,0.0,1.0,solar,0.020333054237989985,0.0,True,0,40.0,30755.38541504738,1.0,False,0.0,0.0,0.0,0,0,1,0,,,1.0,1.0,1.0,0.05009263971978729,429519.8,
NO1 1 0 solar,NO1 1,PQ,,0.0,0.0,True,0.0,267221.80041170574,,0.0,1.0,,-inf,inf,0.0,1.0,solar,0.019384060287427937,0.0,True,0,40.0,30755.38541504738,1.0,False,0.0,0.0,0.0,0,0,1,0,,,1.0,1.0,1.0,0.033284791604764434,429519.8,
PL0 0 0 solar,PL0 0,PQ,,0.0,0.0,True,0.0,507547.9289730925,,0.0,1.0,,-inf,inf,0.0,1.0,solar,0.01995093557498223,0.0,True,0,40.0,30755.38541504738,1.0,False,0.0,0.0,0.0,0,0,1,0,,,1.0,1.0,1.0,80.40420181115061,429519.8,
PL0 1 0 solar,PL0 1,PQ,,0.0,0.0,True,0.0,368899.56151904585,,0.0,1.0,,-inf,inf,0.0,1.0,solar,0.020934873206042755,0.0,True,0,40.0,30755.38541504738,1.0,False,0.0,0.0,0.0,0,0,1,0,,,1.0,1.0,1.0,1.5734166669558751,429519.8,
SE1 0 0 solar,SE1 0,PQ,,0.0,0.0,True,0.0,91717.7498869973,,0.0,1.0,,-inf,inf,0.0,1.0,solar,0.019063337861296173,0.0,True,0,40.0,30755.38541504738,1.0,False,0.0,0.0,0.0,0,0,1,0,,,1.0,1.0,1.0,0.06195236711001523,429519.8,
SE1 1 0 solar,SE1 1,PQ,,0.0,0.0,True,0.0,142197.965407574,,0.0,1.0,,-inf,inf,0.0,1.0,solar,0.019303459900112424,0.0,True,0,40.0,30755.38541504738,1.0,False,0.0,0.0,0.0,0,0,1,0,,,1.0,1.0,1.0,0.11538421750811487,429519.8,
BE0 1 0 offwind-ac,BE0 1,PQ,,0.0,0.0,True,0.0,2470.1646137729203,,0.0,1.0,,-inf,inf,0.0,1.0,offwind-ac,0.024597158368743436,0.0,True,0,30.0,190624.92466746378,1.0,False,0.0,0.0,0.0,0,0,1,0,,,1.0,1.0,1.0,0.009334358387041903,1543148.6,381863.6341346514
DE0 0 0 offwind-ac,DE0 0,PQ,,0.0,0.0,True,0.0,3938.5019351340916,,0.0,1.0,,-inf,inf,0.0,1.0,offwind-ac,0.02588361392883251,0.0,True,0,30.0,190213.83032295675,1.0,False,0.0,0.0,0.0,0,0,1,0,,,1.0,1.0,1.0,0.009787000626848695,1543148.6,377072.91199682903
DE0 4 0 offwind-ac,DE0 4,PQ,,0.0,0.0,True,0.0,6320.92974994062,,0.0,1.0,,-inf,inf,0.0,1.0,offwind-ac,0.02581768359225666,0.0,True,0,30.0,190427.71032738086,1.0,False,0.0,0.0,0.0,0,0,1,0,,,1.0,1.0,1.0,0.012599848284606243,1543148.6,379565.3804185507
DE0 5 0 offwind-ac,DE0 5,PQ,,0.0,0.0,True,0.0,2462.6028796638025,,0.0,1.0,,-inf,inf,0.0,1.0,offwind-ac,0.024324001681623922,0.0,True,0,30.0,192737.47454968793,1.0,False,0.0,0.0,0.0,0,0,1,0,,,1.0,1.0,1.0,0.010204145442292588,1543148.6,406482.40990536055
DK0 0 0 offwind-ac,DK0 0,PQ,,0.0,0.0,True,0.0,19794.96452013997,,0.0,1.0,,-inf,inf,0.0,1.0,offwind-ac,0.025962235546554954,0.0,True,0,30.0,192480.33109041787,1.0,False,0.0,0.0,0.0,0,0,1,0,,,1.0,1.0,1.0,0.012167409796389694,1543148.6,403485.76721401315
DK0 1 0 offwind-ac,DK0 1,PQ,,0.0,0.0,True,0.0,24021.55835724339,,0.0,1.0,,-inf,inf,0.0,1.0,offwind-ac,0.02550149505025884,0.0,True,0,30.0,193579.442284099,1.0,False,0.0,0.0,0.0,0,0,1,0,,,1.0,1.0,1.0,0.008968904126485138,1543148.6,416294.35093172605
DK1 0 0 offwind-ac,DK1 0,PQ,,0.0,0.0,True,0.0,18545.163318374987,,0.0,1.0,,-inf,inf,0.0,1.0,offwind-ac,0.025079954165865195,0.0,True,0,30.0,203527.83812121584,1.0,False,0.0,0.0,0.0,0,0,1,0,,,1.0,1.0,1.0,0.009728777502552499,1543148.6,532228.8093097599
DK1 1 0 offwind-ac,DK1 1,PQ,,0.0,0.0,True,0.0,10103.07711857314,,0.0,1.0,,-inf,inf,0.0,1.0,offwind-ac,0.02586340576592297,0.0,True,0,30.0,190152.1510982378,1.0,False,0.0,0.0,0.0,0,0,1,0,,,1.0,1.0,1.0,0.010590494418390179,1543148.6,376354.12802119675
ES0 0 0 offwind-ac,ES0 0,PQ,,0.0,0.0,True,0.0,13026.98893312011,,0.0,1.0,,-inf,inf,0.0,1.0,offwind-ac,0.025761214284353184,0.0,True,0,30.0,187184.98368856322,1.0,False,0.0,0.0,0.0,0,0,1,0,,,1.0,1.0,1.0,0.006608208561804868,1543148.6,341775.99580875004
ES0 1 0 offwind-ac,ES0 1,PQ,,0.0,0.0,True,0.0,22331.6107758813,,0.0,1.0,,-inf,inf,0.0,1.0,offwind-ac,0.024782632985034515,0.0,True,0,30.0,187097.2194642585,1.0,False,0.0,0.0,0.0,0,0,1,0,,,1.0,1.0,1.0,0.008574679482077411,1543148.6,340753.2281207399
ES6 0 0 offwind-ac,ES6 0,PQ,,0.0,0.0,True,0.0,1501.3373930486362,,0.0,1.0,,-inf,inf,0.0,1.0,offwind-ac,0.025312686391958862,0.0,True,0,30.0,191401.1195366571,1.0,False,0.0,0.0,0.0,0,0,1,0,,,1.0,1.0,1.0,0.005616499629435108,1543148.6,390909.08560532937
ES6 1 0 offwind-ac,ES6 1,PQ,,0.0,0.0,True,0.0,1411.4693271077208,,0.0,1.0,,-inf,inf,0.0,1.0,offwind-ac,0.025294770291146684,0.0,True,0,30.0,195481.87423154543,1.0,False,0.0,0.0,0.0,0,0,1,0,,,1.0,1.0,1.0,0.0051493146647911,1543148.6,438464.49987225985
FR0 0 0 offwind-ac,FR0 0,PQ,,0.0,0.0,True,0.0,83731.73238429647,,0.0,1.0,,-inf,inf,0.0,1.0,offwind-ac,0.02465393637164593,0.0,True,0,30.0,188901.32075869673,1.0,False,0.0,0.0,0.0,0,0,1,0,,,1.0,1.0,1.0,0.011950475070102344,1543148.6,361777.4726174714
FR4 0 0 offwind-ac,FR4 0,PQ,,0.0,0.0,True,0.0,2105.8204646283943,,0.0,1.0,,-inf,inf,0.0,1.0,offwind-ac,0.02435878034930933,0.0,True,0,30.0,186512.2418887739,1.0,False,0.0,0.0,0.0,0,0,1,0,,,1.0,1.0,1.0,0.005538525536384909,1543148.6,333936.143287417
GB2 0 0 offwind-ac,GB2 0,PQ,,0.0,0.0,True,0.0,66566.4884657141,,0.0,1.0,,-inf,inf,0.0,1.0,offwind-ac,0.024933619754923957,0.0,True,0,30.0,189562.38916445192,1.0,False,0.0,0.0,0.0,0,0,1,0,,,1.0,1.0,1.0,0.011574124877134178,1543148.6,369481.28827045497
GB2 1 0 offwind-ac,GB2 1,PQ,,0.0,0.0,True,0.0,134437.82772602123,,0.0,1.0,,-inf,inf,0.0,1.0,offwind-ac,0.02452656207261332,0.0,True,0,30.0,194918.469553192,1.0,False,0.0,0.0,0.0,0,0,1,0,,,1.0,1.0,1.0,0.01226539697728981,1543148.6,431898.81659005105
GB5 0 0 offwind-ac,GB5 0,PQ,,0.0,0.0,True,0.0,4948.111224039792,,0.0,1.0,,-inf,inf,0.0,1.0,offwind-ac,0.024710130252732804,0.0,True,0,30.0,217813.163676863,1.0,False,0.0,0.0,0.0,0,0,1,0,,,1.0,1.0,1.0,0.008683607904327642,1543148.6,698704.038900928
GB5 1 0 offwind-ac,GB5 1,PQ,,0.0,0.0,True,0.0,4153.259594040331,,0.0,1.0,,-inf,inf,0.0,1.0,offwind-ac,0.02590828793779692,0.0,True,0,30.0,189156.3960979327,1.0,False,0.0,0.0,0.0,0,0,1,0,,,1.0,1.0,1.0,0.009710240886849656,1543148.6,364750.01429997926
IT0 0 0 offwind-ac,IT0 0,PQ,,0.0,0.0,True,0.0,82510.10017051417,,0.0,1.0,,-inf,inf,0.0,1.0,offwind-ac,0.02492227574106434,0.0,True,0,30.0,187584.47428488766,1.0,False,0.0,0.0,0.0,0,0,1,0,,,1.0,1.0,1.0,0.007273853882079389,1543148.6,346431.4927019474
IT0 1 0 offwind-ac,IT0 1,PQ,,0.0,0.0,True,0.0,48160.34577048897,,0.0,1.0,,-inf,inf,0.0,1.0,offwind-ac,0.02536978293095318,0.0,True,0,30.0,188470.21957136015,1.0,False,0.0,0.0,0.0,0,0,1,0,,,1.0,1.0,1.0,0.006700553912944453,1543148.6,356753.59907260054
IT3 0 0 offwind-ac,IT3 0,PQ,,0.0,0.0,True,0.0,14047.29965324049,,0.0,1.0,,-inf,inf,0.0,1.0,offwind-ac,0.024672459789535306,0.0,True,0,30.0,186915.85782395283,1.0,False,0.0,0.0,0.0,0,0,1,0,,,1.0,1.0,1.0,0.008165267612124556,1543148.6,338639.71516009356
IT3 1 0 offwind-ac,IT3 1,PQ,,0.0,0.0,True,0.0,6150.080625767791,,0.0,1.0,,-inf,inf,0.0,1.0,offwind-ac,0.025991722156901542,0.0,True,0,30.0,186170.97264926098,1.0,False,0.0,0.0,0.0,0,0,1,0,,,1.0,1.0,1.0,0.007927344044148459,1543148.6,329959.1338185739
NL0 0 0 offwind-ac,NL0 0,PQ,,0.0,0.0,True,0.0,10330.224326287685,,0.0,1.0,,-inf,inf,0.0,1.0,offwind-ac,0.025317535212083332,0.0,True,0,30.0,194286.14374744188,1.0,False,0.0,0.0,0.0,0,0,1,0,,,1.0,1.0,1.0,0.012845927630615978,1543148.6,424529.95521698566
NL0 1 0 offwind-ac,NL0 1,PQ,,0.0,0.0,True,0.0,918.7662390124615,,0.0,1.0,,-inf,inf,0.0,1.0,offwind-ac,0.024392018931491167,0.0,True,0,30.0,193132.54579357096,1.0,False,0.0,0.0,0.0,0,0,1,0,,,1.0,1.0,1.0,0.007424588391617206,1543148.6,411086.4055072877
NO1 0 0 offwind-ac,NO1 0,PQ,,0.0,0.0,True,0.0,52377.83438719032,,0.0,1.0,,-inf,inf,0.0,1.0,offwind-ac,0.024196367997242934,0.0,True,0,30.0,189845.6336200862,1.0,False,0.0,0.0,0.0,0,0,1,0,,,1.0,1.0,1.0,0.008954107080750144,1543148.6,372782.1010939684
NO1 1 0 offwind-ac,NO1 1,PQ,,0.0,0.0,True,0.0,75141.12804061756,,0.0,1.0,,-inf,inf,0.0,1.0,offwind-ac,0.025886361142354167,0.0,True,0,30.0,193399.65417887166,1.0,False,0.0,0.0,0.0,0,0,1,0,,,1.0,1.0,1.0,0.007706755485622156,1543148.6,414199.1752929982
PL0 1 0 offwind-ac,PL0 1,PQ,,0.0,0.0,True,0.0,15495.736295602926,,0.0,1.0,,-inf,inf,0.0,1.0,offwind-ac,0.025889555664421256,0.0,True,0,30.0,189449.9681864401,1.0,False,0.0,0.0,0.0,0,0,1,0,,,1.0,1.0,1.0,0.014293321241941782,1543148.6,368171.18105221353
SE1 0 0 offwind-ac,SE1 0,PQ,,0.0,0.0,True,0.0,106142.770862465,,0.0,1.0,,-inf,inf,0.0,1.0,offwind-ac,0.025242656750855862,0.0,True,0,30.0,188874.7284494314,1.0,False,0.0,0.0,0.0,0,0,1,0,,,1.0,1.0,1.0,0.00948545700526649,1543148.6,361467.5769295459
SE1 1 0 offwind-ac,SE1 1,PQ,,0.0,0.0,True,0.0,82484.40445335471,,0.0,1.0,,-inf,inf,0.0,1.0,offwind-ac,0.024033982998692485,0.0,True,0,30.0,195572.3803587512,1.0,False,0.0,0.0,0.0,0,0,1,0,,,1.0,1.0,1.0,0.010347087492459776,1543148.6,439519.22055379406
BE0 1 0 offwind-float,BE0 1,PQ,,0.0,0.0,True,0.0,38.74950329368302,,0.0,1.0,,-inf,inf,0.0,1.0,offwind-float,0.024451069768552977,0.0,True,0,30.0,235642.3659665975,1.0,False,0.0,0.0,0.0,0,0,1,0,,,1.0,1.0,1.0,0.00154478946585216,1770000.0,529869.6345590249
DE0 0 0 offwind-float,DE0 0,PQ,,0.0,0.0,True,0.0,197.78325895557361,,0.0,1.0,,-inf,inf,0.0,1.0,offwind-float,0.02560255356823705,0.0,True,0,30.0,240242.2068416898,1.0,False,0.0,0.0,0.0,0,0,1,0,,,1.0,1.0,1.0,0.0021774603115583976,1770000.0,583474.262803644
DE0 4 0 offwind-float,DE0 4,PQ,,0.0,0.0,True,0.0,195.27623141691356,,0.0,1.0,,-inf,inf,0.0,1.0,offwind-float,0.025750919658626074,0.0,True,0,30.0,235759.55431092565,1.0,False,0.0,0.0,0.0,0,0,1,0,,,1.0,1.0,1.0,0.002366958560043945,1770000.0,531235.2986771746
DE0 5 0 offwind-float,DE0 5,PQ,,0.0,0.0,True,0.0,367.2240936389176,,0.0,1.0,,-inf,inf,0.0,1.0,offwind-float,0.024907979628825308,0.0,True,0,30.0,286683.33371301024,1.0,False,0.0,0.0,0.0,0,0,1,0,,,1.0,1.0,1.0,0.0025869841291229112,1770000.0,1124679.7976904106
DK0 0 0 offwind-float,DK0 0,PQ,,0.0,0.0,True,0.0,11508.201684934338,,0.0,1.0,,-inf,inf,0.0,1.0,offwind-float,0.02473104123655489,0.0,True,0,30.0,284666.00387799623,1.0,False,0.0,0.0,0.0,0,0,1,0,,,1.0,1.0,1.0,0.005672277903323302,1770000.0,1101170.6766601026
DK0 1 0 offwind-float,DK0 1,PQ,,0.0,0.0,True,0.0,6852.636001691831,,0.0,1.0,,-inf,inf,0.0,1.0,offwind-float,0.024548450022916092,0.0,True,0,30.0,250315.80215687235,1.0,False,0.0,0.0,0.0,0,0,1,0,,,1.0,1.0,1.0,0.00609473390345211,1770000.0,700867.743713191
DK1 0 0 offwind-float,DK1 0,PQ,,0.0,0.0,True,0.0,9578.913456934355,,0.0,1.0,,-inf,inf,0.0,1.0,offwind-float,0.02423394102753275,0.0,True,0,30.0,272922.1340565546,1.0,False,0.0,0.0,0.0,0,0,1,0,,,1.0,1.0,1.0,0.00568288770494811,1770000.0,964312.5128613485
DK1 1 0 offwind-float,DK1 1,PQ,,0.0,0.0,True,0.0,198.9638862892435,,0.0,1.0,,-inf,inf,0.0,1.0,offwind-float,0.024231489071898194,0.0,True,0,30.0,233915.6674161543,1.0,False,0.0,0.0,0.0,0,0,1,0,,,1.0,1.0,1.0,0.002188445971226797,1770000.0,509747.4093776644
ES0 0 0 offwind-float,ES0 0,PQ,,0.0,0.0,True,0.0,69212.19888741961,,0.0,1.0,,-inf,inf,0.0,1.0,offwind-float,0.025905205396815928,0.0,True,0,30.0,240392.56799740568,1.0,False,0.0,0.0,0.0,0,0,1,0,,,1.0,1.0,1.0,0.005507358546283579,1770000.0,585226.5090385573
ES0 1 0 offwind-float,ES0 1,PQ,,0.0,0.0,True,0.0,60324.16948507236,,0.0,1.0,,-inf,inf,0.0,1.0,offwind-float,0.025617252229451,0.0,True,0,30.0,241075.2682498603,1.0,False,0.0,0.0,0.0,0,0,1,0,,,1.0,1.0,1.0,0.006762260732438182,1770000.0,593182.4132163522
ES6 0 0 offwind-float,ES6 0,PQ,,0.0,0.0,True,0.0,11354.955189678687,,0.0,1.0,,-inf,inf,0.0,1.0,offwind-float,0.024329558721178986,0.0,True,0,30.0,244580.81860898758,1.0,False,0.0,0.0,0.0,0,0,1,0,,,1.0,1.0,1.0,0.005395649241643485,1770000.0,634034.635911999
ES6 1 0 offwind-float,ES6 1,PQ,,0.0,0.0,True,0.0,39421.428170287225,,0.0,1.0,,-inf,inf,0.0,1.0,offwind-float,0.024414100099767865,0.0,True,0,30.0,244298.87823362488,1.0,False,0.0,0.0,0.0,0,0,1,0,,,1.0,1.0,1.0,0.004634218819311549,1770000.0,630749.0202964019
FR0 0 0 offwind-float,FR0 0,PQ,,0.0,0.0,True,0.0,370491.2120028438,,0.0,1.0,,-inf,inf,0.0,1.0,offwind-float,0.025311103101320852,0.0,True,0,30.0,254851.36278978075,1.0,False,0.0,0.0,0.0,0,0,1,0,,,1.0,1.0,1.0,0.007121553829926458,1770000.0,753723.276808802
FR4 0 0 offwind-float,FR4 0,PQ,,0.0,0.0,True,0.0,26457.645958784855,,0.0,1.0,,-inf,inf,0.0,1.0,offwind-float,0.02552932843036726,0.0,True,0,30.0,235378.02263890262,1.0,False,0.0,0.0,0.0,0,0,1,0,,,1.0,1.0,1.0,0.004624150793126683,1770000.0,526789.0876021159
GB2 0 0 offwind-float,GB2 0,PQ,,0.0,0.0,True,0.0,393927.6174249755,,0.0,1.0,,-inf,inf,0.0,1.0,offwind-float,0.025620629690520896,0.0,True,0,30.0,278660.12390862545,1.0,False,0.0,0.0,0.0,0,0,1,0,,,1.0,1.0,1.0,0.006137394584813005,1770000.0,1031180.6548784317
GB2 1 0 offwind-float,GB2 1,PQ,,0.0,0.0,True,0.0,1180810.0394778778,,0.0,1.0,,-inf,inf,0.0,1.0,offwind-float,0.024326675382672767,0.0,True,0,30.0,268889.8513454966,1.0,False,0.0,0.0,0.0,0,0,1,0,,,1.0,1.0,1.0,0.006842448919004688,1770000.0,917321.9708897995
GB5 0 0 offwind-float,GB5 0,PQ,,0.0,0.0,True,0.0,198766.3456745659,,0.0,1.0,,-inf,inf,0.0,1.0,offwind-float,0.025968256576047392,0.0,True,0,30.0,292088.9524748734,1.0,False,0.0,0.0,0.0,0,0,1,0,,,1.0,1.0,1.0,0.005624576868782349,1770000.0,1187674.6255617123
GB5 1 0 offwind-float,GB5 1,PQ,,0.0,0.0,True,0.0,5222.208220935807,,0.0,1.0,,-inf,inf,0.0,1.0,offwind-float,0.024455604131630053,0.0,True,0,30.0,233377.83056683815,1.0,False,0.0,0.0,0.0,0,0,1,0,,,1.0,1.0,1.0,0.006701825523980625,1770000.0,503479.682917829
IT0 0 0 offwind-float,IT0 0,PQ,,0.0,0.0,True,0.0,333148.6885869352,,0.0,1.0,,-inf,inf,0.0,1.0,offwind-float,0.025178830866261395,0.0,True,0,30.0,245727.48685283176,1.0,False,0.0,0.0,0.0,0,0,1,0,,,1.0,1.0,1.0,0.006386016254757745,1770000.0,647397.4296694993
IT0 1 0 offwind-float,IT0 1,PQ,,0.0,0.0,True,0.0,67906.89063773895,,0.0,1.0,,-inf,inf,0.0,1.0,offwind-float,0.025175231510637622,0.0,True,0,30.0,239545.64268627937,1.0,False,0.0,0.0,0.0,0,0,1,0,,,1.0,1.0,1.0,0.004785847329015766,1770000.0,575356.7944795787
IT3 0 0 offwind-float,IT3 0,PQ,,0.0,0.0,True,0.0,44722.206309471476,,0.0,1.0,,-inf,inf,0.0,1.0,offwind-float,0.025934723771285362,0.0,True,0,30.0,234619.89465173296,1.0,False,0.0,0.0,0.0,0,0,1,0,,,1.0,1.0,1.0,0.005586855526117116,1770000.0,517954.18004387204
IT3 1 0 offwind-float,IT3 1,PQ,,0.0,0.0,True,0.0,35378.06422088915,,0.0,1.0,,-inf,inf,0.0,1.0,offwind-float,0.025315334886150315,0.0,True,0,30.0,241073.20981945586,1.0,False,0.0,0.0,0.0,0,0,1,0,,,1.0,1.0,1.0,0.006182233831309485,1770000.0,593158.4251264175
NL0 0 0 offwind-float,NL0 0,PQ,,0.0,0.0,True,0.0,505.69450805883446,,0.0,1.0,,-inf,inf,0.0,1.0,offwind-float,0.02516980853264299,0.0,True,0,30.0,267810.3245398912,1.0,False,0.0,0.0,0.0,0,0,1,0,,,1.0,1.0,1.0,0.0030851508732412684,1770000.0,904741.6154675225
NL0 1 0 offwind-float,NL0 1,PQ,,0.0,0.0,True,0.0,193.6943758330438,,0.0,1.0,,-inf,inf,0.0,1.0,offwind-float,0.02503754515732795,0.0,True,0,30.0,261564.29130297934,1.0,False,0.0,0.0,0.0,0,0,1,0,,,1.0,1.0,1.0,0.0023583642236820537,1770000.0,831952.947607033
NO1 0 0 offwind-float,NO1 0,PQ,,0.0,0.0,True,0.0,1190292.1745507102,,0.0,1.0,,-inf,inf,0.0,1.0,offwind-float,0.02552931507619506,0.0,True,0,30.0,264919.4626985425,1.0,False,0.0,0.0,0.0,0,0,1,0,,,1.0,1.0,1.0,0.006154734546931656,1770000.0,871052.7165425261
NO1 1 0 offwind-float,NO1 1,PQ,,0.0,0.0,True,0.0,824107.3252281244,,0.0,1.0,,-inf,inf,0.0,1.0,offwind-float,0.02421211052117525,0.0,True,0,30.0,253373.90462564354,1.0,False,0.0,0.0,0.0,0,0,1,0,,,1.0,1.0,1.0,0.005986655400668635,1770000.0,736505.5952006391
PL0 1 0 offwind-float,PL0 1,PQ,,0.0,0.0,True,0.0,40063.183266253036,,0.0,1.0,,-inf,inf,0.0,1.0,offwind-float,0.024004183802366456,0.0,True,0,30.0,244115.3702178718,1.0,False,0.0,0.0,0.0,0,0,1,0,,,1.0,1.0,1.0,0.008651700222918746,1770000.0,628610.4943709469
SE1 0 0 offwind-float,SE1 0,PQ,,0.0,0.0,True,0.0,118882.62520884267,,0.0,1.0,,-inf,inf,0.0,1.0,offwind-float,0.025904977735578927,0.0,True,0,30.0,241143.32371940982,1.0,False,0.0,0.0,0.0,0,0,1,0,,,1.0,1.0,1.0,0.006707009337293247,1770000.0,593975.5032914826
SE1 1 0 offwind-float,SE1 1,PQ,,0.0,0.0,True,0.0,66112.44329520632,,0.0,1.0,,-inf,inf,0.0,1.0,offwind-float,0.02499731535900037,0.0,True,0,30.0,255780.8339668484,1.0,False,0.0,0.0,0.0,0,0,1,0,,,1.0,1.0,1.0,0.006799213477224179,1770000.0,764554.9464825494
AT0 0 0 onwind,AT0 0,PQ,,0.0,0.0,True,0.0,41040.116795681184,,0.0,1.0,,-inf,inf,0.0,1.0,onwind,0.02465667075767078,0.0,True,0,30.0,94880.6555961809,1.0,False,0.0,0.0,0.0,0,0,1,0,,,1.0,1.0,1.0,0.014660727628271631,1026809.1,
AT0 1 0 onwind,AT0 1,PQ,,0.0,0.0,True,0.0,24153.432813407308,,0.0,1.0,,-inf,inf,0.0,1.0,onwind,0.02473610652016621,0.0,True,0,30.0,94880.6555961809,1.0,False,0.0,0.0,0.0,0,0,1,0,,,1.0,1.0,1.0,0.005999535134518967,1026809.1,
BE0 0 0 onwind,BE0 0,PQ,,0.0,0.0,True,0.0,4338.740158844411,,0.0,1.0,,-inf,inf,0.0,1.0,onwind,0.02560768663223785,0.0,True,0,30.0,94880.6555961809,1.0,False,0.0,0.0,0.0,0,0,1,0,,,1.0,1.0,1.0,0.06257546479534203,1026809.1,
BE0 1 0 onwind,BE0 1,PQ,,0.0,0.0,True,0.0,2778.787017434624,,0.0,1.0,,-inf,inf,0.0,1.0,onwind,0.024764740424837502,0.0,True,0,30.0,94880.6555961809,1.0,False,0.0,0.0,0.0,0,0,1,0,,,1.0,1.0,1.0,2778.7863181398625,1026809.1,
CH0 0 0 onwind,CH0 0,PQ,,0.0,0.0,True,0.0,11480.929810503138,,0.0,1.0,,-inf,inf,0.0,1.0,onwind,0.025540338347987385,0.0,True,0,30.0,94880.6555961809,1.0,False,0.0,0.0,0.0,0,0,1,0,,,1.0,1.0,1.0,0.006414753918829606,1026809.1,
CH0 1 0 onwind,CH0 1,PQ,,0.0,0.0,True,0.0,24443.064488333195,,0.0,1.0,,-inf,inf,0.0,1.0,onwind,0.024880924004175707,0.0,True,0,30.0,94880.6555961809,1.0,False,0.0,0.0,0.0,0,0,1,0,,,1.0,1.0,1.0,0.0054547549435950676,1026809.1,
CZ0 0 0 onwind,CZ0 0,PQ,,0.0,0.0,True,0.0,19125.657227616302,,0.0,1.0,,-inf,inf,0.0,1.0,onwind,0.025688154925500882,0.0,True,0,30.0,94880.6555961809,1.0,False,0.0,0.0,0.0,0,0,1,0,,,1.0,1.0,1.0,0.022593911842689038,1026809.1,
CZ0 1 0 onwind,CZ0 1,PQ,,0.0,0.0,True,0.0,29009.734429804965,,0.0,1.0,,-inf,inf,0.0,1.0,onwind,0.024152408128098705,0.0,True,0,30.0,94880.6555961809,1.0,False,0.0,0.0,0.0,0,0,1,0,,,1.0,1.0,1.0,0.015513067105700898,1026809.1,
DE0 0 0 onwind,DE0 0,PQ,,0.0,0.0,True,0.0,17982.634836637066,,0.0,1.0,,-inf,inf,0.0,1.0,onwind,0.024962256655160272,0.0,True,0,30.0,94880.6555961809,1.0,False,0.0,0.0,0.0,0,0,1,0,,,1.0,1.0,1.0,17982.62762019045,1026809.1,
DE0 1 0 onwind,DE0 1,PQ,,0.0,0.0,True,0.0,12839.499991866167,,0.0,1.0,,-inf,inf,0.0,1.0,onwind,0.024933699420426777,0.0,True,0,30.0,94880.6555961809,1.0,False,0.0,0.0,0.0,0,0,1,0,,,1.0,1.0,1.0,0.012112195895195622,1026809.1,
DE0 10 0 onwind,DE0 10,PQ,,0.0,0.0,True,0.0,9924.905775589865,,0.0,1.0,,-inf,inf,0.0,1.0,onwind,0.024528655958624114,0.0,True,0,30.0,94880.6555961809,1.0,False,0.0,0.0,0.0,0,0,1,0,,,1.0,1.0,1.0,0.020725438824300186,1026809.1,
DE0 11 0 onwind,DE0 11,PQ,,0.0,0.0,True,0.0,10737.078566424463,,0.0,1.0,,-inf,inf,0.0,1.0,onwind,0.025887229489889314,0.0,True,0,30.0,94880.6555961809,1.0,False,0.0,0.0,0.0,0,0,1,0,,,1.0,1.0,1.0,0.014616960805841774,1026809.1,
DE0 12 0 onwind,DE0 12,PQ,,0.0,0.0,True,0.0,13233.97493852771,,0.0,1.0,,-inf,inf,0.0,1.0,onwind,0.025810056915718103,0.0,True,0,30.0,94880.6555961809,1.0,False,0.0,0.0,0.0,0,0,1,0,,,1.0,1.0,1.0,0.023545065050774472,1026809.1,
DE0 13 0 onwind,DE0 13,PQ,,0.0,0.0,True,0.0,19062.187694324122,,0.0,1.0,,-inf,inf,0.0,1.0,onwind,0.024887192603891814,0.0,True,0,30.0,94880.6555961809,1.0,False,0.0,0.0,0.0,0,0,1,0,,,1.0,1.0,1.0,0.015399042989281572,1026809.1,
DE0 2 0 onwind,DE0 2,PQ,,0.0,0.0,True,0.0,16193.748475145469,,0.0,1.0,,-inf,inf,0.0,1.0,onwind,0.024194319211430938,0.0,True,0,30.0,94880.6555961809,1.0,False,0.0,0.0,0.0,0,0,1,0,,,1.0,1.0,1.0,0.013144733110162886,1026809.1,
DE0 3 0 onwind,DE0 3,PQ,,0.0,0.0,True,0.0,11770.79825378857,,0.0,1.0,,-inf,inf,0.0,1.0,onwind,0.02441356629779342,0.0,True,0,30.0,94880.6555961809,1.0,False,0.0,0.0,0.0,0,0,1,0,,,1.0,1.0,1.0,0.029271909093057668,1026809.1,
DE0 4 0 onwind,DE0 4,PQ,,0.0,0.0,True,0.0,22364.41417516274,,0.0,1.0,,-inf,inf,0.0,1.0,onwind,0.024542983672926916,0.0,True,0,30.0,94880.6555961809,1.0,False,0.0,0.0,0.0,0,0,1,0,,,1.0,1.0,1.0,0.0637002982872039,1026809.1,
DE0 5 0 onwind,DE0 5,PQ,,0.0,0.0,True,0.0,17273.888729906932,,0.0,1.0,,-inf,inf,0.0,1.0,onwind,0.02496843954704288,0.0,True,0,30.0,94880.6555961809,1.0,False,0.0,0.0,0.0,0,0,1,0,,,1.0,1.0,1.0,0.07005715671022822,1026809.1,
DE0 6 0 onwind,DE0 6,PQ,,0.0,0.0,True,0.0,26698.819278304334,,0.0,1.0,,-inf,inf,0.0,1.0,onwind,0.024676754222437456,0.0,True,0,30.0,94880.6555961809,1.0,False,0.0,0.0,0.0,0,0,1,0,,,1.0,1.0,1.0,0.012216390723265379,1026809.1,
DE0 7 0 onwind,DE0 7,PQ,,0.0,0.0,True,0.0,18339.216301405308,,0.0,1.0,,-inf,inf,0.0,1.0,onwind,0.025548272139600967,0.0,True,0,30.0,94880.6555961809,1.0,False,0.0,0.0,0.0,0,0,1,0,,,1.0,1.0,1.0,0.025441710684624638,1026809.1,
DE0 8 0 onwind,DE0 8,PQ,,0.0,0.0,True,0.0,16453.921980128976,,0.0,1.0,,-inf,inf,0.0,1.0,onwind,0.024952053215270165,0.0,True,0,30.0,94880.6555961809,1.0,False,0.0,0.0,0.0,0,0,1,0,,,1.0,1.0,1.0,0.019564702190138672,1026809.1,
DE0 9 0 onwind,DE0 9,PQ,,0.0,0.0,True,0.0,14985.809097782427,,0.0,1.0,,-inf,inf,0.0,1.0,onwind,0.025740741008886906,0.0,True,0,30.0,94880.6555961809,1.0,False,0.0,0.0,0.0,0,0,1,0,,,1.0,1.0,1.0,0.025542614913443416,1026809.1,
DK0 0 0 onwind,DK0 0,PQ,,0.0,0.0,True,0.0,13590.825477559858,,0.0,1.0,,-inf,inf,0.0,1.0,onwind,0.02599156350027056,0.0,True,0,30.0,94880.6555961809,1.0,False,0.0,0.0,0.0,0,0,1,0,,,1.0,1.0,1.0,13590.822957765691,1026809.1,
DK0 1 0 onwind,DK0 1,PQ,,0.0,0.0,True,0.0,16523.84769396402,,0.0,1.0,,-inf,inf,0.0,1.0,onwind,0.024439671900002576,0.0,True,0,30.0,94880.6555961809,1.0,False,0.0,0.0,0.0,0,0,1,0,,,1.0,1.0,1.0,16523.839573651545,1026809.1,
DK1 0 0 onwind,DK1 0,PQ,,0.0,0.0,True,0.0,4578.482717496994,,0.0,1.0,,-inf,inf,0.0,1.0,onwind,0.025223342754350203,0.0,True,0,30.0,94880.6555961809,1.0,False,0.0,0.0,0.0,0,0,1,0,,,1.0,1.0,1.0,4578.482280236938,1026809.1,
DK1 1 0 onwind,DK1 1,PQ,,0.0,0.0,True,0.0,2901.27273465546,,0.0,1.0,,-inf,inf,0.0,1.0,onwind,0.025695004621056287,0.0,True,0,30.0,94880.6555961809,1.0,False,0.0,0.0,0.0,0,0,1,0,,,1.0,1.0,1.0,2901.272417099445,1026809.1,
ES0 0 0 onwind,ES0 0,PQ,,0.0,0.0,True,0.0,155535.9290463331,,0.0,1.0,,-inf,inf,0.0,1.0,onwind,0.02589047326989017,0.0,True,0,30.0,94880.6555961809,1.0,False,0.0,0.0,0.0,0,0,1,0,,,1.0,1.0,1.0,0.019772567639284987,1026809.1,
ES0 1 0 onwind,ES0 1,PQ,,0.0,0.0,True,0.0,278691.5000582712,,0.0,1.0,,-inf,inf,0.0,1.0,onwind,0.02458017285009676,0.0,True,0,30.0,94880.6555961809,1.0,False,0.0,0.0,0.0,0,0,1,0,,,1.0,1.0,1.0,0.018794900537366648,1026809.1,
ES6 0 0 onwind,ES6 0,PQ,,0.0,0.0,True,0.0,2458.8279654696944,,0.0,1.0,,-inf,inf,0.0,1.0,onwind,0.02545408548789276,0.0,True,0,30.0,94880.6555961809,1.0,False,0.0,0.0,0.0,0,0,1,0,,,1.0,1.0,1.0,0.0193701986135279,1026809.1,
ES6 1 0 onwind,ES6 1,PQ,,0.0,0.0,True,0.0,1260.790756588933,,0.0,1.0,,-inf,inf,0.0,1.0,onwind,0.02403003229683419,0.0,True,0,30.0,94880.6555961809,1.0,False,0.0,0.0,0.0,0,0,1,0,,,1.0,1.0,1.0,0.012558585290262238,1026809.1,
FR0 0 0 onwind,FR0 0,PQ,,0.0,0.0,True,0.0,443237.1262935838,,0.0,1.0,,-inf,inf,0.0,1.0,onwind,0.025758284876779065,0.0,True,0,30.0,94880.6555961809,1.0,False,0.0,0.0,0.0,0,0,1,0,,,1.0,1.0,1.0,0.03613256586852181,1026809.1,
FR4 0 0 onwind,FR4 0,PQ,,0.0,0.0,True,0.0,8767.115274123913,,0.0,1.0,,-inf,inf,0.0,1.0,onwind,0.024127877098229215,0.0,True,0,30.0,94880.6555961809,1.0,False,0.0,0.0,0.0,0,0,1,0,,,1.0,1.0,1.0,0.012797117660525228,1026809.1,
GB2 0 0 onwind,GB2 0,PQ,,0.0,0.0,True,0.0,80487.17072447261,,0.0,1.0,,-inf,inf,0.0,1.0,onwind,0.02546679079733964,0.0,True,0,30.0,94880.6555961809,1.0,False,0.0,0.0,0.0,0,0,1,0,,,1.0,1.0,1.0,28641.44142779834,1026809.1,
GB2 1 0 onwind,GB2 1,PQ,,0.0,0.0,True,0.0,109818.08873465337,,0.0,1.0,,-inf,inf,0.0,1.0,onwind,0.02598922077373532,0.0,True,0,30.0,94880.6555961809,1.0,False,0.0,0.0,0.0,0,0,1,0,,,1.0,1.0,1.0,18154.959658682477,1026809.1,
GB5 0 0 onwind,GB5 0,PQ,,0.0,0.0,True,0.0,10474.326740123248,,0.0,1.0,,-inf,inf,0.0,1.0,onwind,0.02500237956158536,0.0,True,0,30.0,94880.6555961809,1.0,False,0.0,0.0,0.0,0,0,1,0,,,1.0,1.0,1.0,0.023165735359787668,1026809.1,
GB5 1 0 onwind,GB5 1,PQ,,0.0,0.0,True,0.0,3915.2195606346263,,0.0,1.0,,-inf,inf,0.0,1.0,onwind,0.02441866798146674,0.0,True,0,30.0,94880.6555961809,1.0,False,0.0,0.0,0.0,0,0,1,0,,,1.0,1.0,1.0,2489.767760518753,1026809.1,
IT0 0 0 onwind,IT0 0,PQ,,0.0,0.0,True,0.0,111247.08038685103,,0.0,1.0,,-inf,inf,0.0,1.0,onwind,0.02518928716577305,0.0,True,0,30.0,94880.6555961809,1.0,False,0.0,0.0,0.0,0,0,1,0,,,1.0,1.0,1.0,0.015501689911282836,1026809.1,
IT0 1 0 onwind,IT0 1,PQ,,0.0,0.0,True,0.0,101436.03107716126,,0.0,1.0,,-inf,inf,0.0,1.0,onwind,0.025248299959475782,0.0,True,0,30.0,94880.6555961809,1.0,False,0.0,0.0,0.0,0,0,1,0,,,1.0,1.0,1.0,0.011215330276762473,1026809.1,
IT3 0 0 onwind,IT3 0,PQ,,0.0,0.0,True,0.0,16412.98233009832,,0.0,1.0,,-inf,inf,0.0,1.0,onwind,0.025336145474657294,0.0,True,0,30.0,94880.6555961809,1.0,False,0.0,0.0,0.0,0,0,1,0,,,1.0,1.0,1.0,0.02039413852384018,1026809.1,
IT3 1 0 onwind,IT3 1,PQ,,0.0,0.0,True,0.0,5731.115353198689,,0.0,1.0,,-inf,inf,0.0,1.0,onwind,0.024345223484345802,0.0,True,0,30.0,94880.6555961809,1.0,False,0.0,0.0,0.0,0,0,1,0,,,1.0,1.0,1.0,0.0182605464946544,1026809.1,
LU0 0 0 onwind,LU0 0,PQ,,0.0,0.0,True,0.0,723.2403891407002,,0.0,1.0,,-inf,inf,0.0,1.0,onwind,0.025797425384864816,0.0,True,0,30.0,94880.6555961809,1.0,False,0.0,0.0,0.0,0,0,1,0,,,1.0,1.0,1.0,0.010483283514326603,1026809.1,
LU0 1 0 onwind,LU0 1,PQ,,0.0,0.0,True,0.0,334.0835899673526,,0.0,1.0,,-inf,inf,0.0,1.0,onwind,0.02524198273500096,0.0,True,0,30.0,94880.6555961809,1.0,False,0.0,0.0,0.0,0,0,1,0,,,1.0,1.0,1.0,0.0067300769055793,1026809.1,
NL0 0 0 onwind,NL0 0,PQ,,0.0,0.0,True,0.0,5529.261631218395,,0.0,1.0,,-inf,inf,0.0,1.0,onwind,0.024087137409105473,0.0,True,0,30.0,94880.6555961809,1.0,False,0.0,0.0,0.0,0,0,1,0,,,1.0,1.0,1.0,5529.260732254029,1026809.1,
NL0 1 0 onwind,NL0 1,PQ,,0.0,0.0,True,0.0,16342.64494725523,,0.0,1.0,,-inf,inf,0.0,1.0,onwind,0.025368082129414014,0.0,True,0,30.0,94880.6555961809,1.0,False,0.0,0.0,0.0,0,0,1,0,,,1.0,1.0,1.0,16342.63880277649,1026809.1,
NO1 0 0 onwind,NO1 0,PQ,,0.0,0.0,True,0.0,228191.88665787084,,0.0,1.0,,-inf,inf,0.0,1.0,onwind,0.024392168093257997,0.0,True,0,30.0,94880.6555961809,1.0,False,0.0,0.0,0.0,0,0,1,0,,,1.0,1.0,1.0,0.01748910311723355,1026809.1,
NO1 1 0 onwind,NO1 1,PQ,,0.0,0.0,True,0.0,140718.8468386431,,0.0,1.0,,-inf,inf,0.0,1.0,onwind,0.02405468156263891,0.0,True,0,30.0,94880.6555961809,1.0,False,0.0,0.0,0.0,0,0,1,0,,,1.0,1.0,1.0,0.01826017709285006,1026809.1,
PL0 0 0 onwind,PL0 0,PQ,,0.0,0.0,True,0.0,109335.98316906899,,0.0,1.0,,-inf,inf,0.0,1.0,onwind,0.025101906550466513,0.0,True,0,30.0,94880.6555961809,1.0,False,0.0,0.0,0.0,0,0,1,0,,,1.0,1.0,1.0,0.05403444825095771,1026809.1,
PL0 1 0 onwind,PL0 1,PQ,,0.0,0.0,True,0.0,86010.79453784536,,0.0,1.0,,-inf,inf,0.0,1.0,onwind,0.025626627277161994,0.0,True,0,30.0,94880.6555961809,1.0,False,0.0,0.0,0.0,0,0,1,0,,,1.0,1.0,1.0,0.17857379396166162,1026809.1,
SE1 0 0 onwind,SE1 0,PQ,,0.0,0.0,True,0.0,282852.9957611214,,0.0,1.0,,-inf,inf,0.0,1.0,onwind,0.025719882296565293,0.0,True,0,30.0,94880.6555961809,1.0,False,0.0,0.0,0.0,0,0,1,0,,,1.0,1.0,1.0,0.01828155820587829,1026809.1,
SE1 1 0 onwind,SE1 1,PQ,,0.0,0.0,True,0.0,157019.31212504118,,0.0,1.0,,-inf,inf,0.0,1.0,onwind,0.024207041850298316,0.0,True,0,30.0,94880.6555961809,1.0,False,0.0,0.0,0.0,0,0,1,0,,,1.0,1.0,1.0,0.03176800039615649,1026809.1,
BE0 1 0 offwind-dc,BE0 1,PQ,,0.0,0.0,True,0.0,2599.212972969207,,0.0,1.0,,-inf,inf,0.0,1.0,offwind-dc,0.025326085571366952,0.0,True,0,30.0,208025.62780809915,1.0,False,0.0,0.0,0.0,0,0,1,0,,,1.0,1.0,1.0,0.008948372571037633,1543148.6,584644.1755441464
DE0 0 0 offwind-dc,DE0 0,PQ,,0.0,0.0,True,0.0,821.1198780760727,,0.0,1.0,,-inf,inf,0.0,1.0,offwind-dc,0.02542015044891594,0.0,True,0,30.0,238824.54294179764,1.0,False,0.0,0.0,0.0,0,0,1,0,,,1.0,1.0,1.0,0.0050350916979052425,1543148.6,943561.8948546792
DE0 4 0 offwind-dc,DE0 4,PQ,,0.0,0.0,True,0.0,764.4512306406097,,0.0,1.0,,-inf,inf,0.0,1.0,offwind-dc,0.02458903398814298,0.0,True,0,30.0,212769.65828003056,1.0,False,0.0,0.0,0.0,0,0,1,0,,,1.0,1.0,1.0,0.005836120856316713,1543148.6,639929.1292489694
DE0 5 0 offwind-dc,DE0 5,PQ,,0.0,0.0,True,0.0,63474.11054009344,,0.0,1.0,,-inf,inf,0.0,1.0,offwind-dc,0.025942727997369505,0.0,True,0,30.0,228575.60908122885,1.0,False,0.0,0.0,0.0,0,0,1,0,,,1.0,1.0,1.0,0.011692409869101686,1543148.6,824125.0916221197
DK0 0 0 offwind-dc,DK0 0,PQ,,0.0,0.0,True,0.0,80906.1428755327,,0.0,1.0,,-inf,inf,0.0,1.0,offwind-dc,0.024557374940136094,0.0,True,0,30.0,232752.22978831432,1.0,False,0.0,0.0,0.0,0,0,1,0,,,1.0,1.0,1.0,0.009603370904684183,1543148.6,872797.6884361571
DK0 1 0 offwind-dc,DK0 1,PQ,,0.0,0.0,True,0.0,10628.180563907004,,0.0,1.0,,-inf,inf,0.0,1.0,offwind-dc,0.02413996437876976,0.0,True,0,30.0,210125.3346587398,1.0,False,0.0,0.0,0.0,0,0,1,0,,,1.0,1.0,1.0,0.008880328404373222,1543148.6,609113.2839780363
DK1 0 0 offwind-dc,DK1 0,PQ,,0.0,0.0,True,0.0,2930.1408333042255,,0.0,1.0,,-inf,inf,0.0,1.0,offwind-dc,0.025038560722285653,0.0,True,0,30.0,225795.44684035942,1.0,False,0.0,0.0,0.0,0,0,1,0,,,1.0,1.0,1.0,0.007422887747557896,1543148.6,791726.2396991076
FR0 0 0 offwind-dc,FR0 0,PQ,,0.0,0.0,True,0.0,20696.555388731693,,0.0,1.0,,-inf,inf,0.0,1.0,offwind-dc,0.025388629772352716,0.0,True,0,30.0,207226.71130991064,1.0,False,0.0,0.0,0.0,0,0,1,0,,,1.0,1.0,1.0,0.011925096183534888,1543148.6,575333.9356800272
GB2 0 0 offwind-dc,GB2 0,PQ,,0.0,0.0,True,0.0,100932.85497673451,,0.0,1.0,,-inf,inf,0.0,1.0,offwind-dc,0.02448931957412527,0.0,True,0,30.0,226733.84428619404,1.0,False,0.0,0.0,0.0,0,0,1,0,,,1.0,1.0,1.0,0.009584001250152033,1543148.6,802661.9323884023
GB2 1 0 offwind-dc,GB2 1,PQ,,0.0,0.0,True,0.0,45696.03099054579,,0.0,1.0,,-inf,inf,0.0,1.0,offwind-dc,0.02467716440445991,0.0,True,0,30.0,209499.46927261166,1.0,False,0.0,0.0,0.0,0,0,1,0,,,1.0,1.0,1.0,0.013011653782578824,1543148.6,601819.7096424024
GB5 0 0 offwind-dc,GB5 0,PQ,,0.0,0.0,True,0.0,16678.029791846326,,0.0,1.0,,-inf,inf,0.0,1.0,offwind-dc,0.02512725596606314,0.0,True,0,30.0,245155.28307328976,1.0,False,0.0,0.0,0.0,0,0,1,0,,,1.0,1.0,1.0,0.00794114221129446,1543148.6,1017337.7015569315
IT0 0 0 offwind-dc,IT0 0,PQ,,0.0,0.0,True,0.0,4538.780218390853,,0.0,1.0,,-inf,inf,0.0,1.0,offwind-dc,0.02577335633157902,0.0,True,0,30.0,242989.73422887098,1.0,False,0.0,0.0,0.0,0,0,1,0,,,1.0,1.0,1.0,0.006659511155001656,1543148.6,992101.2979719259
IT0 1 0 offwind-dc,IT0 1,PQ,,0.0,0.0,True,0.0,9617.193333690164,,0.0,1.0,,-inf,inf,0.0,1.0,offwind-dc,0.025494651811874828,0.0,True,0,30.0,207326.41566901223,1.0,False,0.0,0.0,0.0,0,0,1,0,,,1.0,1.0,1.0,0.00621717695605474,1543148.6,576495.8487220522
NL0 0 0 offwind-dc,NL0 0,PQ,,0.0,0.0,True,0.0,100051.5429501523,,0.0,1.0,,-inf,inf,0.0,1.0,offwind-dc,0.02441918391822956,0.0,True,0,30.0,234731.3623896119,1.0,False,0.0,0.0,0.0,0,0,1,0,,,1.0,1.0,1.0,0.009770511051084963,1543148.6,895861.674826172
NL0 1 0 offwind-dc,NL0 1,PQ,,0.0,0.0,True,0.0,54340.567520317076,,0.0,1.0,,-inf,inf,0.0,1.0,offwind-dc,0.024503554141442205,0.0,True,0,30.0,230440.6996154392,1.0,False,0.0,0.0,0.0,0,0,1,0,,,1.0,1.0,1.0,0.01097676441028096,1543148.6,845860.0792975137
NO1 0 0 offwind-dc,NO1 0,PQ,,0.0,0.0,True,0.0,33136.40723294609,,0.0,1.0,,-inf,inf,0.0,1.0,offwind-dc,0.025047761378334987,0.0,True,0,30.0,232303.90805164614,1.0,False,0.0,0.0,0.0,0,0,1,0,,,1.0,1.0,1.0,0.009763296137769275,1543148.6,867573.1337872754
NO1 1 0 offwind-dc,NO1 1,PQ,,0.0,0.0,True,0.0,11906.5854068174,,0.0,1.0,,-inf,inf,0.0,1.0,offwind-dc,0.025537917389929728,0.0,True,0,30.0,212015.66050269295,1.0,False,0.0,0.0,0.0,0,0,1,0,,,1.0,1.0,1.0,0.008058510296523772,1543148.6,631142.3534345472
PL0 1 0 offwind-dc,PL0 1,PQ,,0.0,0.0,True,0.0,17430.608232843602,,0.0,1.0,,-inf,inf,0.0,1.0,offwind-dc,0.025237523556385474,0.0,True,0,30.0,210555.9872157015,1.0,False,0.0,0.0,0.0,0,0,1,0,,,1.0,1.0,1.0,0.014496099081751222,1543148.6,614131.9293715169
SE1 0 0 offwind-dc,SE1 0,PQ,,0.0,0.0,True,0.0,33720.85469827092,,0.0,1.0,,-inf,inf,0.0,1.0,offwind-dc,0.025002648532601833,0.0,True,0,30.0,210192.1071199785,1.0,False,0.0,0.0,0.0,0,0,1,0,,,1.0,1.0,1.0,0.009377282000414612,1543148.6,609891.4224090981
SE1 1 0 offwind-dc,SE1 1,PQ,,0.0,0.0,True,0.0,31006.45937473265,,0.0,1.0,,-inf,inf,0.0,1.0,offwind-dc,0.025194250679680483,0.0,True,0,30.0,219080.0779778668,1.0,False,0.0,0.0,0.0,0,0,1,0,,,1.0,1.0,1.0,0.01074691942454705,1543148.6,713468.1300873947
AT0 0 0 solar-hsat,AT0 0,PQ,,0.0,0.0,True,0.0,101473.4388699733,,0.0,1.0,,-inf,inf,0.0,1.0,solar-hsat,0.020512120058259323,0.0,True,0,40.0,36834.25133470452,1.0,False,0.0,0.0,0.0,0,0,1,0,,,1.0,1.0,1.0,0.5397912322023902,368412.0,
AT0 1 0 solar-hsat,AT0 1,PQ,,0.0,0.0,True,0.0,51427.643019927666,,0.0,1.0,,-inf,inf,0.0,1.0,solar-hsat,0.020074159587600688,0.0,True,0,40.0,36834.25133470452,1.0,False,0.0,0.0,0.0,0,0,1,0,,,1.0,1.0,1.0,24207.86561947362,368412.0,
BE0 0 0 solar-hsat,BE0 0,PQ,,0.0,0.0,True,0.0,36963.19962109564,,0.0,1.0,,-inf,inf,0.0,1.0,solar-hsat,0.020795505488408077,0.0,True,0,40.0,36834.25133470452,1.0,False,0.0,0.0,0.0,0,0,1,0,,,1.0,1.0,1.0,0.17050508390265934,368412.0,
BE0 1 0 solar-hsat,BE0 1,PQ,,0.0,0.0,True,0.0,55468.38157631394,,0.0,1.0,,-inf,inf,0.0,1.0,solar-hsat,0.020894134980980555,0.0,True,0,40.0,36834.25133470452,1.0,False,0.0,0.0,0.0,0,0,1,0,,,1.0,1.0,1.0,2667.4111900809485,368412.0,
CH0 0 0 solar-hsat,CH0 0,PQ,,0.0,0.0,True,0.0,39054.382877829536,,0.0,1.0,,-inf,inf,0.0,1.0,solar-hsat,0.020830709013250983,0.0,True,0,40.0,36834.25133470452,1.0,False,0.0,0.0,0.0,0,0,1,0,,,1.0,1.0,1.0,23220.9247133001,368412.0,
CH0 1 0 solar-hsat,CH0 1,PQ,,0.0,0.0,True,0.0,69799.32719597849,,0.0,1.0,,-inf,inf,0.0,1.0,solar-hsat,0.020509036680120045,0.0,True,0,40.0,36834.25133470452,1.0,False,0.0,0.0,0.0,0,0,1,0,,,1.0,1.0,1.0,6902.974020911829,368412.0,
CZ0 0 0 solar-hsat,CZ0 0,PQ,,0.0,0.0,True,0.0,86530.00871939061,,0.0,1.0,,-inf,inf,0.0,1.0,solar-hsat,0.019492642007982446,0.0,True,0,40.0,36834.25133470452,1.0,False,0.0,0.0,0.0,0,0,1,0,,,1.0,1.0,1.0,2704.9849595088194,368412.0,
CZ0 1 0 solar-hsat,CZ0 1,PQ,,0.0,0.0,True,0.0,95528.95541084785,,0.0,1.0,,-inf,inf,0.0,1.0,solar-hsat,0.019770542892017774,0.0,True,0,40.0,36834.25133470452,1.0,False,0.0,0.0,0.0,0,0,1,0,,,1.0,1.0,1.0,0.19001391657852124,368412.0,
DE0 0 0 solar-hsat,DE0 0,PQ,,0.0,0.0,True,0.0,85246.1026933474,,0.0,1.0,,-inf,inf,0.0,1.0,solar-hsat,0.019559999902132703,0.0,True,0,40.0,36834.25133470452,1.0,False,0.0,0.0,0.0,0,0,1,0,,,1.0,1.0,1.0,0.06339174077344252,368412.0,
DE0 1 0 solar-hsat,DE0 1,PQ,,0.0,0.0,True,0.0,53198.91447536221,,0.0,1.0,,-inf,inf,0.0,1.0,solar-hsat,0.02031532048211821,0.0,True,0,40.0,36834.25133470452,1.0,False,0.0,0.0,0.0,0,0,1,0,,,1.0,1.0,1.0,15068.158586020532,368412.0,
DE0 10 0 solar-hsat,DE0 10,PQ,,0.0,0.0,True,0.0,34903.631108337446,,0.0,1.0,,-inf,inf,0.0,1.0,solar-hsat,0.019648443248883374,0.0,True,0,40.0,36834.25133470452,1.0,False,0.0,0.0,0.0,0,0,1,0,,,1.0,1.0,1.0,0.12928439956849655,368412.0,
DE0 11 0 solar-hsat,DE0 11,PQ,,0.0,0.0,True,0.0,52879.10205991204,,0.0,1.0,,-inf,inf,0.0,1.0,solar-hsat,0.020508783209808673,0.0,True,0,40.0,36834.25133470452,1.0,False,0.0,0.0,0.0,0,0,1,0,,,1.0,1.0,1.0,0.36245255525249137,368412.0,
DE0 12 0 solar-hsat,DE0 12,PQ,,0.0,0.0,True,0.0,53463.29413995918,,0.0,1.0,,-inf,inf,0.0,1.0,solar-hsat,0.019227018156818564,0.0,True,0,40.0,36834.25133470452,1.0,False,0.0,0.0,0.0,0,0,1,0,,,1.0,1.0,1.0,0.1928205061627728,368412.0,
DE0 13 0 solar-hsat,DE0 13,PQ,,0.0,0.0,True,0.0,64955.47965368695,,0.0,1.0,,-inf,inf,0.0,1.0,solar-hsat,0.020550729525685384,0.0,True,0,40.0,36834.25133470452,1.0,False,0.0,0.0,0.0,0,0,1,0,,,1.0,1.0,1.0,0.2260291413233322,368412.0,
DE0 2 0 solar-hsat,DE0 2,PQ,,0.0,0.0,True,0.0,59067.1881196115,,0.0,1.0,,-inf,inf,0.0,1.0,solar-hsat,0.02017180394930667,0.0,True,0,40.0,36834.25133470452,1.0,False,0.0,0.0,0.0,0,0,1,0,,,1.0,1.0,1.0,1174.660781919745,368412.0,
DE0 3 0 solar-hsat,DE0 3,PQ,,0.0,0.0,True,0.0,73271.22226399223,,0.0,1.0,,-inf,inf,0.0,1.0,solar-hsat,0.020670777374293,0.0,True,0,40.0,36834.25133470452,1.0,False,0.0,0.0,0.0,0,0,1,0,,,1.0,1.0,1.0,0.09597113494956108,368412.0,
DE0 4 0 solar-hsat,DE0 4,PQ,,0.0,0.0,True,0.0,87799.82348795858,,0.0,1.0,,-inf,inf,0.0,1.0,solar-hsat,0.019861751304261425,0.0,True,0,40.0,36834.25133470452,1.0,False,0.0,0.0,0.0,0,0,1,0,,,1.0,1.0,1.0,0.13125777520355808,368412.0,
DE0 5 0 solar-hsat,DE0 5,PQ,,0.0,0.0,True,0.0,79778.39592242218,,0.0,1.0,,-inf,inf,0.0,1.0,solar-hsat,0.020249928906417705,0.0,True,0,40.0,36834.25133470452,1.0,False,0.0,0.0,0.0,0,0,1,0,,,1.0,1.0,1.0,0.07952608124325221,368412.0,
DE0 6 0 solar-hsat,DE0 6,PQ,,0.0,0.0,True,0.0,82139.81625863879,,0.0,1.0,,-inf,inf,0.0,1.0,solar-hsat,0.020108824263131028,0.0,True,0,40.0,36834.25133470452,1.0,False,0.0,0.0,0.0,0,0,1,0,,,1.0,1.0,1.0,11781.191841137788,368412.0,
DE0 7 0 solar-hsat,DE0 7,PQ,,0.0,0.0,True,0.0,72832.98073066166,,0.0,1.0,,-inf,inf,0.0,1.0,solar-hsat,0.02095134253270616,0.0,True,0,40.0,36834.25133470452,1.0,False,0.0,0.0,0.0,0,0,1,0,,,1.0,1.0,1.0,0.12563936255247518,368412.0,
DE0 8 0 solar-hsat,DE0 8,PQ,,0.0,0.0,True,0.0,81500.95941596644,,0.0,1.0,,-inf,inf,0.0,1.0,solar-hsat,0.02051094878283622,0.0,True,0,40.0,36834.25133470452,1.0,False,0.0,0.0,0.0,0,0,1,0,,,1.0,1.0,1.0,0.3185341393013136,368412.0,
DE0 9 0 solar-hsat,DE0 9,PQ,,0.0,0.0,True,0.0,62317.263923828854,,0.0,1.0,,-inf,inf,0.0,1.0,solar-hsat,0.02008962649881523,0.0,True,0,40.0,36834.25133470452,1.0,False,0.0,0.0,0.0,0,0,1,0,,,1.0,1.0,1.0,0.0742076484641577,368412.0,
DK0 0 0 solar-hsat,DK0 0,PQ,,0.0,0.0,True,0.0,49209.69132339939,,0.0,1.0,,-inf,inf,0.0,1.0,solar-hsat,0.019348064181077443,0.0,True,0,40.0,36834.25133470452,1.0,False,0.0,0.0,0.0,0,0,1,0,,,1.0,1.0,1.0,0.0504437052097707,368412.0,
DK0 1 0 solar-hsat,DK0 1,PQ,,0.0,0.0,True,0.0,56489.14219939723,,0.0,1.0,,-inf,inf,0.0,1.0,solar-hsat,0.020808228433700268,0.0,True,0,40.0,36834.25133470452,1.0,False,0.0,0.0,0.0,0,0,1,0,,,1.0,1.0,1.0,0.049509783543766124,368412.0,
DK1 0 0 solar-hsat,DK1 0,PQ,,0.0,0.0,True,0.0,21790.22826843501,,0.0,1.0,,-inf,inf,0.0,1.0,solar-hsat,0.01941167556536662,0.0,True,0,40.0,36834.25133470452,1.0,False,0.0,0.0,0.0,0,0,1,0,,,1.0,1.0,1.0,0.0515066464692594,368412.0,
DK1 1 0 solar-hsat,DK1 1,PQ,,0.0,0.0,True,0.0,11184.227209625162,,0.0,1.0,,-inf,inf,0.0,1.0,solar-hsat,0.020300086513580312,0.0,True,0,40.0,36834.25133470452,1.0,False,0.0,0.0,0.0,0,0,1,0,,,1.0,1.0,1.0,0.03581689514131278,368412.0,
ES0 0 0 solar-hsat,ES0 0,PQ,,0.0,0.0,True,0.0,340299.41417696216,,0.0,1.0,,-inf,inf,0.0,1.0,solar-hsat,0.020872943705949387,0.0,True,0,40.0,36834.25133470452,1.0,False,0.0,0.0,0.0,0,0,1,0,,,1.0,1.0,1.0,33776.629674467265,368412.0,
ES0 1 0 solar-hsat,ES0 1,PQ,,0.0,0.0,True,0.0,601376.119059609,,0.0,1.0,,-inf,inf,0.0,1.0,solar-hsat,0.019447159260423383,0.0,True,0,40.0,36834.25133470452,1.0,False,0.0,0.0,0.0,0,0,1,0,,,1.0,1.0,1.0,44855.98226118136,368412.0,
ES6 0 0 solar-hsat,ES6 0,PQ,,0.0,0.0,True,0.0,6684.691265178913,,0.0,1.0,,-inf,inf,0.0,1.0,solar-hsat,0.01945184708147283,0.0,True,0,40.0,36834.25133470452,1.0,False,0.0,0.0,0.0,0,0,1,0,,,1.0,1.0,1.0,389.92740891675834,368412.0,
ES6 1 0 solar-hsat,ES6 1,PQ,,0.0,0.0,True,0.0,3709.577898475353,,0.0,1.0,,-inf,inf,0.0,1.0,solar-hsat,0.02070363782084405,0.0,True,0,40.0,36834.25133470452,1.0,False,0.0,0.0,0.0,0,0,1,0,,,1.0,1.0,1.0,2504.0753347643586,368412.0,
FR0 0 0 solar-hsat,FR0 0,PQ,,0.0,0.0,True,0.0,1454829.1824573246,,0.0,1.0,,-inf,inf,0.0,1.0,solar-hsat,0.02065531005193777,0.0,True,0,40.0,36834.25133470452,1.0,False,0.0,0.0,0.0,0,0,1,0,,,1.0,1.0,1.0,43291.23666371842,368412.0,
FR4 0 0 solar-hsat,FR4 0,PQ,,0.0,0.0,True,0.0,9555.594267325752,,0.0,1.0,,-inf,inf,0.0,1.0,solar-hsat,0.019703406705955412,0.0,True,0,40.0,36834.25133470452,1.0,False,0.0,0.0,0.0,0,0,1,0,,,1.0,1.0,1.0,1314.914094613041,368412.0,
GB2 0 0 solar-hsat,GB2 0,PQ,,0.0,0.0,True,0.0,379227.8155347404,,0.0,1.0,,-inf,inf,0.0,1.0,solar-hsat,0.01953019257736369,0.0,True,0,40.0,36834.25133470452,1.0,False,0.0,0.0,0.0,0,0,1,0,,,1.0,1.0,1.0,9809.943681278299,368412.0,
GB2 1 0 solar-hsat,GB2 1,PQ,,0.0,0.0,True,0.0,315497.763119236,,0.0,1.0,,-inf,inf,0.0,1.0,solar-hsat,0.019254776944523523,0.0,True,0,40.0,36834.25133470452,1.0,False,0.0,0.0,0.0,0,0,1,0,,,1.0,1.0,1.0,0.059851878504945874,368412.0,
GB5 0 0 solar-hsat,GB5 0,PQ,,0.0,0.0,True,0.0,33970.59866201806,,0.0,1.0,,-inf,inf,0.0,1.0,solar-hsat,0.02097587220620029,0.0,True,0,40.0,36834.25133470452,1.0,False,0.0,0.0,0.0,0,0,1,0,,,1.0,1.0,1.0,0.043781686159558464,368412.0,
GB5 1 0 solar-hsat,GB5 1,PQ,,0.0,0.0,True,0.0,15562.132213791025,,0.0,1.0,,-inf,inf,0.0,1.0,solar-hsat,0.020670686201760533,0.0,True,0,40.0,36834.25133470452,1.0,False,0.0,0.0,0.0,0,0,1,0,,,1.0,1.0,1.0,0.042112600553415765,368412.0,
IT0 0 0 solar-hsat,IT0 0,PQ,,0.0,0.0,True,0.0,337504.28824441315,,0.0,1.0,,-inf,inf,0.0,1.0,solar-hsat,0.020798783209878074,0.0,True,0,40.0,36834.25133470452,1.0,False,0.0,0.0,0.0,0,0,1,0,,,1.0,1.0,1.0,37684.3780910136,368412.0,
IT0 1 0 solar-hsat,IT0 1,PQ,,0.0,0.0,True,0.0,292642.42434003076,,0.0,1.0,,-inf,inf,0.0,1.0,solar-hsat,0.020027358652020814,0.0,True,0,40.0,36834.25133470452,1.0,False,0.0,0.0,0.0,0,0,1,0,,,1.0,1.0,1.0,51565.268044499295,368412.0,
IT3 0 0 solar-hsat,IT3 0,PQ,,0.0,0.0,True,0.0,22311.5459126282,,0.0,1.0,,-inf,inf,0.0,1.0,solar-hsat,0.01922876966457255,0.0,True,0,40.0,36834.25133470452,1.0,False,0.0,0.0,0.0,0,0,1,0,,,1.0,1.0,1.0,2463.3469469367647,368412.0,
IT3 1 0 solar-hsat,IT3 1,PQ,,0.0,0.0,True,0.0,11520.521633515178,,0.0,1.0,,-inf,inf,0.0,1.0,solar-hsat,0.01910516067690062,0.0,True,0,40.0,36834.25133470452,1.0,False,0.0,0.0,0.0,0,0,1,0,,,1.0,1.0,1.0,3883.5292650881934,368412.0,
LU0 0 0 solar-hsat,LU0 0,PQ,,0.0,0.0,True,0.0,2366.7213917278223,,0.0,1.0,,-inf,inf,0.0,1.0,solar-hsat,0.019661164205629897,0.0,True,0,40.0,36834.25133470452,1.0,False,0.0,0.0,0.0,0,0,1,0,,,1.0,1.0,1.0,0.046190520049981844,368412.0,
LU0 1 0 solar-hsat,LU0 1,PQ,,0.0,0.0,True,0.0,2819.6637593560245,,0.0,1.0,,-inf,inf,0.0,1.0,solar-hsat,0.02084066086597368,0.0,True,0,40.0,36834.25133470452,1.0,False,0.0,0.0,0.0,0,0,1,0,,,1.0,1.0,1.0,0.18494485926487358,368412.0,
NL0 0 0 solar-hsat,NL0 0,PQ,,0.0,0.0,True,0.0,41016.246289769726,,0.0,1.0,,-inf,inf,0.0,1.0,solar-hsat,0.020895163670274892,0.0,True,0,40.0,36834.25133470452,1.0,False,0.0,0.0,0.0,0,0,1,0,,,1.0,1.0,1.0,0.11141855414791695,368412.0,
NL0 1 0 solar-hsat,NL0 1,PQ,,0.0,0.0,True,0.0,80194.23482119193,,0.0,1.0,,-inf,inf,0.0,1.0,solar-hsat,0.020682327731538275,0.0,True,0,40.0,36834.25133470452,1.0,False,0.0,0.0,0.0,0,0,1,0,,,1.0,1.0,1.0,0.11094923881259885,368412.0,
NO1 0 0 solar-hsat,NO1 0,PQ,,0.0,0.0,True,0.0,246171.8105825476,,0.0,1.0,,-inf,inf,0.0,1.0,solar-hsat,0.019317358286941082,0.0,True,0,40.0,36834.25133470452,1.0,False,0.0,0.0,0.0,0,0,1,0,,,1.0,1.0,1.0,0.047501104343598666,368412.0,
NO1 1 0 solar-hsat,NO1 1,PQ,,0.0,0.0,True,0.0,232116.19133801095,,0.0,1.0,,-inf,inf,0.0,1.0,solar-hsat,0.019839846342222158,0.0,True,0,40.0,36834.25133470452,1.0,False,0.0,0.0,0.0,0,0,1,0,,,1.0,1.0,1.0,0.029215749521057315,368412.0,
PL0 0 0 solar-hsat,PL0 0,PQ,,0.0,0.0,True,0.0,440870.0637942744,,0.0,1.0,,-inf,inf,0.0,1.0,solar-hsat,0.01949248583740025,0.0,True,0,40.0,36834.25133470452,1.0,False,0.0,0.0,0.0,0,0,1,0,,,1.0,1.0,1.0,884.8483413364593,368412.0,
PL0 1 0 solar-hsat,PL0 1,PQ,,0.0,0.0,True,0.0,320436.28579007334,,0.0,1.0,,-inf,inf,0.0,1.0,solar-hsat,0.01941069954945673,0.0,True,0,40.0,36834.25133470452,1.0,False,0.0,0.0,0.0,0,0,1,0,,,1.0,1.0,1.0,5890.373824983771,368412.0,
SE1 0 0 solar-hsat,SE1 0,PQ,,0.0,0.0,True,0.0,79668.55529399961,,0.0,1.0,,-inf,inf,0.0,1.0,solar-hsat,0.0203696517002213,0.0,True,0,40.0,36834.25133470452,1.0,False,0.0,0.0,0.0,0,0,1,0,,,1.0,1.0,1.0,0.05872428417657364,368412.0,
SE1 1 0 solar-hsat,SE1 1,PQ,,0.0,0.0,True,0.0,123517.056226579,,0.0,1.0,,-inf,inf,0.0,1.0,solar-hsat,0.019972223335439535,0.0,True,0,40.0,36834.25133470452,1.0,False,0.0,0.0,0.0,0,0,1,0,,,1.0,1.0,1.0,0.11461437238699887,368412.0,
AT0 0 ror,AT0 0,PQ,,3455.4,0.0,False,0.0,inf,,0.0,1.0,,-inf,inf,0.0,1.0,ror,0.009649819289951652,0.0,True,0,inf,308170.3719034552,0.9,False,0.0,0.0,0.0,0,0,1,0,,,1.0,1.0,3455.4,3455.4,3412226.6,
AT0 1 ror,AT0 1,PQ,,1010.680368258109,0.0,False,0.0,inf,,0.0,1.0,,-inf,inf,0.0,1.0,ror,0.009200428924669643,0.0,True,0,inf,308170.3719034552,0.9,False,0.0,0.0,0.0,0,0,1,0,,,1.0,1.0,1010.680368258109,1010.680368258109,3412226.6,
BE0 0 ror,BE0 0,PQ,,59.015339742579165,0.0,False,0.0,inf,,0.0,1.0,,-inf,inf,0.0,1.0,ror,0.01008952674198326,0.0,True,0,inf,308170.3719034552,0.9,False,0.0,0.0,0.0,0,0,1,0,,,1.0,1.0,59.015339742579165,59.015339742579165,3412226.6,
CH0 0 ror,CH0 0,PQ,,1408.5657999999999,0.0,False,0.0,inf,,0.0,1.0,,-inf,inf,0.0,1.0,ror,0.009694050306133795,0.0,True,0,inf,308170.3719034552,0.9,False,0.0,0.0,0.0,0,0,1,0,,,1.0,1.0,1408.5657999999999,1408.5657999999999,3412226.6,
CH0 1 ror,CH0 1,PQ,,2794.055,0.0,False,0.0,inf,,0.0,1.0,,-inf,inf,0.0,1.0,ror,0.00978219161230092,0.0,True,0,inf,308170.3719034552,0.9,False,0.0,0.0,0.0,0,0,1,0,,,1.0,1.0,2794.055,2794.055,3412226.6,
CZ0 1 ror,CZ0 1,PQ,,40.226382271496,0.0,False,0.0,inf,,0.0,1.0,,-inf,inf,0.0,1.0,ror,0.009621017483589412,0.0,True,0,inf,308170.3719034552,0.9,False,0.0,0.0,0.0,0,0,1,0,,,1.0,1.0,40.226382271496,40.226382271496,3412226.6,
DE0 0 ror,DE0 0,PQ,,1.7100000000000002,0.0,False,0.0,inf,,0.0,1.0,,-inf,inf,0.0,1.0,ror,0.009774390409839035,0.0,True,0,inf,308170.3719034552,0.9,False,0.0,0.0,0.0,0,0,1,0,,,1.0,1.0,1.7100000000000002,1.7100000000000002,3412226.6,
DE0 1 ror,DE0 1,PQ,,740.94483,0.0,False,0.0,inf,,0.0,1.0,,-inf,inf,0.0,1.0,ror,0.010111719169155452,0.0,True,0,inf,308170.3719034552,0.9,False,0.0,0.0,0.0,0,0,1,0,,,1.0,1.0,740.94483,740.94483,3412226.6,
DE0 10 ror,DE0 10,PQ,,341.54299999999995,0.0,False,0.0,inf,,0.0,1.0,,-inf,inf,0.0,1.0,ror,0.009028287611194086,0.0,True,0,inf,308170.3719034552,0.9,False,0.0,0.0,0.0,0,0,1,0,,,1.0,1.0,341.54299999999995,341.54299999999995,3412226.6,
DE0 11 ror,DE0 11,PQ,,124.06800000000001,0.0,False,0.0,inf,,0.0,1.0,,-inf,inf,0.0,1.0,ror,0.010695293990446955,0.0,True,0,inf,308170.3719034552,0.9,False,0.0,0.0,0.0,0,0,1,0,,,1.0,1.0,124.06800000000001,124.06800000000001,3412226.6,
DE0 12 ror,DE0 12,PQ,,60.989999999999995,0.0,False,0.0,inf,,0.0,1.0,,-inf,inf,0.0,1.0,ror,0.010843839723257812,0.0,True,0,inf,308170.3719034552,0.9,False,0.0,0.0,0.0,0,0,1,0,,,1.0,1.0,60.989999999999995,60.989999999999995,3412226.6,
DE0 13 ror,DE0 13,PQ,,157.64049999999997,0.0,False,0.0,inf,,0.0,1.0,,-inf,inf,0.0,1.0,ror,0.010101059380917406,0.0,True,0,inf,308170.3719034552,0.9,False,0.0,0.0,0.0,0,0,1,0,,,1.0,1.0,157.64049999999997,157.64049999999997,3412226.6,
DE0 2 ror,DE0 2,PQ,,791.781459,0.0,False,0.0,inf,,0.0,1.0,,-inf,inf,0.0,1.0,ror,0.009536042233569233,0.0,True,0,inf,308170.3719034552,0.9,False,0.0,0.0,0.0,0,0,1,0,,,1.0,1.0,791.781459,791.781459,3412226.6,
DE0 3 ror,DE0 3,PQ,,84.658,0.0,False,0.0,inf,,0.0,1.0,,-inf,inf,0.0,1.0,ror,0.010980478000428158,0.0,True,0,inf,308170.3719034552,0.9,False,0.0,0.0,0.0,0,0,1,0,,,1.0,1.0,84.658,84.658,3412226.6,
DE0 4 ror,DE0 4,PQ,,0.42500000000000004,0.0,False,0.0,inf,,0.0,1.0,,-inf,inf,0.0,1.0,ror,0.009766388060012838,0.0,True,0,inf,308170.3719034552,0.9,False,0.0,0.0,0.0,0,0,1,0,,,1.0,1.0,0.42500000000000004,0.42500000000000004,3412226.6,
DE0 5 ror,DE0 5,PQ,,36.098,0.0,False,0.0,inf,,0.0,1.0,,-inf,inf,0.0,1.0,ror,0.010387310788580994,0.0,True,0,inf,308170.3719034552,0.9,False,0.0,0.0,0.0,0,0,1,0,,,1.0,1.0,36.098,36.098,3412226.6,
DE0 6 ror,DE0 6,PQ,,2263.85698,0.0,False,0.0,inf,,0.0,1.0,,-inf,inf,0.0,1.0,ror,0.01037990509449014,0.0,True,0,inf,308170.3719034552,0.9,False,0.0,0.0,0.0,0,0,1,0,,,1.0,1.0,2263.85698,2263.85698,3412226.6,
DE0 7 ror,DE0 7,PQ,,50.6134,0.0,False,0.0,inf,,0.0,1.0,,-inf,inf,0.0,1.0,ror,0.00986861812931834,0.0,True,0,inf,308170.3719034552,0.9,False,0.0,0.0,0.0,0,0,1,0,,,1.0,1.0,50.6134,50.6134,3412226.6,
DE0 8 ror,DE0 8,PQ,,74.25846800000001,0.0,False,0.0,inf,,0.0,1.0,,-inf,inf,0.0,1.0,ror,0.009398316314666845,0.0,True,0,inf,308170.3719034552,0.9,False,0.0,0.0,0.0,0,0,1,0,,,1.0,1.0,74.25846800000001,74.25846800000001,3412226.6,
DE0 9 ror,DE0 9,PQ,,30.643,0.0,False,0.0,inf,,0.0,1.0,,-inf,inf,0.0,1.0,ror,0.010933158751774783,0.0,True,0,inf,308170.3719034552,0.9,False,0.0,0.0,0.0,0,0,1,0,,,1.0,1.0,30.643,30.643,3412226.6,
ES0 0 ror,ES0 0,PQ,,49.727219999999996,0.0,False,0.0,inf,,0.0,1.0,,-inf,inf,0.0,1.0,ror,0.009127381718639742,0.0,True,0,inf,308170.3719034552,0.9,False,0.0,0.0,0.0,0,0,1,0,,,1.0,1.0,49.727219999999996,49.727219999999996,3412226.6,
ES0 1 ror,ES0 1,PQ,,130.0,0.0,False,0.0,inf,,0.0,1.0,,-inf,inf,0.0,1.0,ror,0.009970298775646093,0.0,True,0,inf,308170.3719034552,0.9,False,0.0,0.0,0.0,0,0,1,0,,,1.0,1.0,130.0,130.0,3412226.6,
ES6 0 ror,ES6 0,PQ,,21.820249999999998,0.0,False,0.0,inf,,0.0,1.0,,-inf,inf,0.0,1.0,ror,0.00944146141958056,0.0,True,0,inf,308170.3719034552,0.9,False,0.0,0.0,0.0,0,0,1,0,,,1.0,1.0,21.820249999999998,21.820249999999998,3412226.6,
ES6 1 ror,ES6 1,PQ,,75.4607775,0.0,False,0.0,inf,,0.0,1.0,,-inf,inf,0.0,1.0,ror,0.009587948264455623,0.0,True,0,inf,308170.3719034552,0.9,False,0.0,0.0,0.0,0,0,1,0,,,1.0,1.0,75.4607775,75.4607775,3412226.6,
FR0 0 ror,FR0 0,PQ,,6750.984113084608,0.0,False,0.0,inf,,0.0,1.0,,-inf,inf,0.0,1.0,ror,0.010657054644389062,0.0,True,0,inf,308170.3719034552,0.9,False,0.0,0.0,0.0,0,0,1,0,,,1.0,1.0,6750.984113084608,6750.984113084608,3412226.6,
FR4 0 ror,FR4 0,PQ,,119.6650363370554,0.0,False,0.0,inf,,0.0,1.0,,-inf,inf,0.0,1.0,ror,0.009734531125965836,0.0,True,0,inf,308170.3719034552,0.9,False,0.0,0.0,0.0,0,0,1,0,,,1.0,1.0,119.6650363370554,119.6650363370554,3412226.6,
GB2 1 ror,GB2 1,PQ,,2494.275,0.0,False,0.0,inf,,0.0,1.0,,-inf,inf,0.0,1.0,ror,0.009166696539417696,0.0,True,0,inf,308170.3719034552,0.9,False,0.0,0.0,0.0,0,0,1,0,,,1.0,1.0,2494.275,2494.275,3412226.6,
GB5 1 ror,GB5 1,PQ,,1141.8999999999999,0.0,False,0.0,inf,,0.0,1.0,,-inf,inf,0.0,1.0,ror,0.00939261801024397,0.0,True,0,inf,308170.3719034552,0.9,False,0.0,0.0,0.0,0,0,1,0,,,1.0,1.0,1141.8999999999999,1141.8999999999999,3412226.6,
IT0 0 ror,IT0 0,PQ,,1764.0,0.0,False,0.0,inf,,0.0,1.0,,-inf,inf,0.0,1.0,ror,0.010720746820530362,0.0,True,0,inf,308170.3719034552,0.9,False,0.0,0.0,0.0,0,0,1,0,,,1.0,1.0,1764.0,1764.0,3412226.6,
IT0 1 ror,IT0 1,PQ,,5720.54,0.0,False,0.0,inf,,0.0,1.0,,-inf,inf,0.0,1.0,ror,0.01095405770012034,0.0,True,0,inf,308170.3719034552,0.9,False,0.0,0.0,0.0,0,0,1,0,,,1.0,1.0,5720.54,5720.54,3412226.6,
IT3 0 ror,IT3 0,PQ,,20.0,0.0,False,0.0,inf,,0.0,1.0,,-inf,inf,0.0,1.0,ror,0.009535964321232748,0.0,True,0,inf,308170.3719034552,0.9,False,0.0,0.0,0.0,0,0,1,0,,,1.0,1.0,20.0,20.0,3412226.6,
IT3 1 ror,IT3 1,PQ,,40.0,0.0,False,0.0,inf,,0.0,1.0,,-inf,inf,0.0,1.0,ror,0.010350817975406379,0.0,True,0,inf,308170.3719034552,0.9,False,0.0,0.0,0.0,0,0,1,0,,,1.0,1.0,40.0,40.0,3412226.6,
NO1 0 ror,NO1 0,PQ,,892.5,0.0,False,0.0,inf,,0.0,1.0,,-inf,inf,0.0,1.0,ror,0.009162397994999582,0.0,True,0,inf,308170.3719034552,0.9,False,0.0,0.0,0.0,0,0,1,0,,,1.0,1.0,892.5,892.5,3412226.6,
PL0 0 ror,PL0 0,PQ,,173.40858921297425,0.0,False,0.0,inf,,0.0,1.0,,-inf,inf,0.0,1.0,ror,0.010446931183662697,0.0,True,0,inf,308170.3719034552,0.9,False,0.0,0.0,0.0,0,0,1,0,,,1.0,1.0,173.40858921297425,173.40858921297425,3412226.6,
PL0 1 ror,PL0 1,PQ,,8.991779566569711,0.0,False,0.0,inf,,0.0,1.0,,-inf,inf,0.0,1.0,ror,0.009832873224800918,0.0,True,0,inf,308170.3719034552,0.9,False,0.0,0.0,0.0,0,0,1,0,,,1.0,1.0,8.991779566569711,8.991779566569711,3412226.6,
SE1 0 ror,SE1 0,PQ,,1118.0,0.0,False,0.0,inf,,0.0,1.0,,-inf,inf,0.0,1.0,ror,0.010836319836575783,0.0,True,0,inf,308170.3719034552,0.9,False,0.0,0.0,0.0,0,0,1,0,,,1.0,1.0,1118.0,1118.0,3412226.6,
SE1 1 ror,SE1 1,PQ,,161.0,0.0,False,0.0,inf,,0.0,1.0,,-inf,inf,0.0,1.0,ror,0.00962307233990668,0.0,True,0,inf,308170.3719034552,0.9,False,0.0,0.0,0.0,0,0,1,0,,,1.0,1.0,161.0,161.0,3412226.6,
